[{"id":4435,"name":"Montorio","center_longitude":-3.77658070000007,"center_latitude":42.5846751,"variables":{"inmigracion_normalizado":{"max_year":2010,"min_year":1999},"secundaria_acabada":{"max_year":2011,"min_year":2004},"pib_normalizado":{"max_year":2008,"min_year":1999},"salario_medio_normalizado":{"max_year":2009,"min_year":1995},"penetracion_internet":{"max_year":2010,"min_year":2004},"lineas_adsl":{"max_year":2009,"min_year":2007},"paro_normalizado":{"max_year":2009,"min_year":1996},"uso_regular_internet":{"max_year":2010,"min_year":2003},"prensa_diaria":{"max_year":2009,"min_year":2000},"audiencia_diaria_tv":{"max_year":2009,"min_year":1997},"actividad_economica_normalizado":{"max_year":2009,"min_year":2009},"edad_media_normalizada":{"max_year":2010,"min_year":2000},"comercial_normalizado":{"max_year":2009,"min_year":2009},"envejecimiento_normalizado":{"max_year":2011,"min_year":1991},"saldo_vegetativo_normalizado":{"max_year":2009,"min_year":1975},"restauracion_normalizado":{"max_year":2009,"min_year":2009}},"provincia":"Burgos","data":{"1975":{"inmigracion_normalizado":null,"inmigracion_normalizado_max":null,"inmigracion_normalizado_min":null,"secundaria_acabada":null,"secundaria_acabada_max":null,"secundaria_acabada_min":null,"pib_normalizado":null,"pib_normalizado_max":null,"pib_normalizado_min":null,"salario_medio_normalizado":null,"salario_medio_normalizado_max":null,"salario_medio_normalizado_min":null,"penetracion_internet":null,"penetracion_internet_max":null,"penetracion_internet_min":null,"lineas_adsl":null,"lineas_adsl_max":null,"lineas_adsl_min":null,"paro_normalizado":null,"paro_normalizado_max":null,"paro_normalizado_min":null,"uso_regular_internet":null,"uso_regular_internet_max":null,"uso_regular_internet_min":null,"prensa_diaria":null,"prensa_diaria_max":null,"prensa_diaria_min":null,"audiencia_diaria_tv":null,"audiencia_diaria_tv_max":null,"audiencia_diaria_tv_min":null,"actividad_economica_normalizado":null,"actividad_economica_normalizado_max":null,"actividad_economica_normalizado_min":null,"edad_media_normalizada":null,"edad_media_normalizada_max":null,"edad_media_normalizada_min":null,"comercial_normalizado":null,"comercial_normalizado_max":null,"comercial_normalizado_min":null,"envejecimiento_normalizado":null,"envejecimiento_normalizado_max":null,"envejecimiento_normalizado_min":null,"saldo_vegetativo_normalizado":null,"saldo_vegetativo_normalizado_max":null,"saldo_vegetativo_normalizado_min":null,"restauracion_normalizado":null,"restauracion_normalizado_max":null,"restauracion_normalizado_min":null},"1976":{"inmigracion_normalizado":null,"inmigracion_normalizado_max":null,"inmigracion_normalizado_min":null,"secundaria_acabada":null,"secundaria_acabada_max":null,"secundaria_acabada_min":null,"pib_normalizado":null,"pib_normalizado_max":null,"pib_normalizado_min":null,"salario_medio_normalizado":null,"salario_medio_normalizado_max":null,"salario_medio_normalizado_min":null,"penetracion_internet":null,"penetracion_internet_max":null,"penetracion_internet_min":null,"lineas_adsl":null,"lineas_adsl_max":null,"lineas_adsl_min":null,"paro_normalizado":null,"paro_normalizado_max":null,"paro_normalizado_min":null,"uso_regular_internet":null,"uso_regular_internet_max":null,"uso_regular_internet_min":null,"prensa_diaria":null,"prensa_diaria_max":null,"prensa_diaria_min":null,"audiencia_diaria_tv":null,"audiencia_diaria_tv_max":null,"audiencia_diaria_tv_min":null,"actividad_economica_normalizado":null,"actividad_economica_normalizado_max":null,"actividad_economica_normalizado_min":null,"edad_media_normalizada":null,"edad_media_normalizada_max":null,"edad_media_normalizada_min":null,"comercial_normalizado":null,"comercial_normalizado_max":null,"comercial_normalizado_min":null,"envejecimiento_normalizado":null,"envejecimiento_normalizado_max":null,"envejecimiento_normalizado_min":null,"saldo_vegetativo_normalizado":null,"saldo_vegetativo_normalizado_max":null,"saldo_vegetativo_normalizado_min":null,"restauracion_normalizado":null,"restauracion_normalizado_max":null,"restauracion_normalizado_min":null},"1977":{"inmigracion_normalizado":null,"inmigracion_normalizado_max":null,"inmigracion_normalizado_min":null,"secundaria_acabada":null,"secundaria_acabada_max":null,"secundaria_acabada_min":null,"pib_normalizado":null,"pib_normalizado_max":null,"pib_normalizado_min":null,"salario_medio_normalizado":null,"salario_medio_normalizado_max":null,"salario_medio_normalizado_min":null,"penetracion_internet":null,"penetracion_internet_max":null,"penetracion_internet_min":null,"lineas_adsl":null,"lineas_adsl_max":null,"lineas_adsl_min":null,"paro_normalizado":null,"paro_normalizado_max":null,"paro_normalizado_min":null,"uso_regular_internet":null,"uso_regular_internet_max":null,"uso_regular_internet_min":null,"prensa_diaria":null,"prensa_diaria_max":null,"prensa_diaria_min":null,"audiencia_diaria_tv":null,"audiencia_diaria_tv_max":null,"audiencia_diaria_tv_min":null,"actividad_economica_normalizado":null,"actividad_economica_normalizado_max":null,"actividad_economica_normalizado_min":null,"edad_media_normalizada":null,"edad_media_normalizada_max":null,"edad_media_normalizada_min":null,"comercial_normalizado":null,"comercial_normalizado_max":null,"comercial_normalizado_min":null,"envejecimiento_normalizado":null,"envejecimiento_normalizado_max":null,"envejecimiento_normalizado_min":null,"saldo_vegetativo_normalizado":null,"saldo_vegetativo_normalizado_max":null,"saldo_vegetativo_normalizado_min":null,"restauracion_normalizado":null,"restauracion_normalizado_max":null,"restauracion_normalizado_min":null},"1978":{"inmigracion_normalizado":null,"inmigracion_normalizado_max":null,"inmigracion_normalizado_min":null,"secundaria_acabada":null,"secundaria_acabada_max":null,"secundaria_acabada_min":null,"pib_normalizado":null,"pib_normalizado_max":null,"pib_normalizado_min":null,"salario_medio_normalizado":null,"salario_medio_normalizado_max":null,"salario_medio_normalizado_min":null,"penetracion_internet":null,"penetracion_internet_max":null,"penetracion_internet_min":null,"lineas_adsl":null,"lineas_adsl_max":null,"lineas_adsl_min":null,"paro_normalizado":null,"paro_normalizado_max":null,"paro_normalizado_min":null,"uso_regular_internet":null,"uso_regular_internet_max":null,"uso_regular_internet_min":null,"prensa_diaria":null,"prensa_diaria_max":null,"prensa_diaria_min":null,"audiencia_diaria_tv":null,"audiencia_diaria_tv_max":null,"audiencia_diaria_tv_min":null,"actividad_economica_normalizado":null,"actividad_economica_normalizado_max":null,"actividad_economica_normalizado_min":null,"edad_media_normalizada":null,"edad_media_normalizada_max":null,"edad_media_normalizada_min":null,"comercial_normalizado":null,"comercial_normalizado_max":null,"comercial_normalizado_min":null,"envejecimiento_normalizado":null,"envejecimiento_normalizado_max":null,"envejecimiento_normalizado_min":null,"saldo_vegetativo_normalizado":null,"saldo_vegetativo_normalizado_max":null,"saldo_vegetativo_normalizado_min":null,"restauracion_normalizado":null,"restauracion_normalizado_max":null,"restauracion_normalizado_min":null},"1979":{"inmigracion_normalizado":null,"inmigracion_normalizado_max":null,"inmigracion_normalizado_min":null,"secundaria_acabada":null,"secundaria_acabada_max":null,"secundaria_acabada_min":null,"pib_normalizado":null,"pib_normalizado_max":null,"pib_normalizado_min":null,"salario_medio_normalizado":null,"salario_medio_normalizado_max":null,"salario_medio_normalizado_min":null,"penetracion_internet":null,"penetracion_internet_max":null,"penetracion_internet_min":null,"lineas_adsl":null,"lineas_adsl_max":null,"lineas_adsl_min":null,"paro_normalizado":null,"paro_normalizado_max":null,"paro_normalizado_min":null,"uso_regular_internet":null,"uso_regular_internet_max":null,"uso_regular_internet_min":null,"prensa_diaria":null,"prensa_diaria_max":null,"prensa_diaria_min":null,"audiencia_diaria_tv":null,"audiencia_diaria_tv_max":null,"audiencia_diaria_tv_min":null,"actividad_economica_normalizado":null,"actividad_economica_normalizado_max":null,"actividad_economica_normalizado_min":null,"edad_media_normalizada":null,"edad_media_normalizada_max":null,"edad_media_normalizada_min":null,"comercial_normalizado":null,"comercial_normalizado_max":null,"comercial_normalizado_min":null,"envejecimiento_normalizado":null,"envejecimiento_normalizado_max":null,"envejecimiento_normalizado_min":null,"saldo_vegetativo_normalizado":null,"saldo_vegetativo_normalizado_max":null,"saldo_vegetativo_normalizado_min":null,"restauracion_normalizado":null,"restauracion_normalizado_max":null,"restauracion_normalizado_min":null},"1980":{"inmigracion_normalizado":null,"inmigracion_normalizado_max":null,"inmigracion_normalizado_min":null,"secundaria_acabada":null,"secundaria_acabada_max":null,"secundaria_acabada_min":null,"pib_normalizado":null,"pib_normalizado_max":null,"pib_normalizado_min":null,"salario_medio_normalizado":null,"salario_medio_normalizado_max":null,"salario_medio_normalizado_min":null,"penetracion_internet":null,"penetracion_internet_max":null,"penetracion_internet_min":null,"lineas_adsl":null,"lineas_adsl_max":null,"lineas_adsl_min":null,"paro_normalizado":null,"paro_normalizado_max":null,"paro_normalizado_min":null,"uso_regular_internet":null,"uso_regular_internet_max":null,"uso_regular_internet_min":null,"prensa_diaria":null,"prensa_diaria_max":null,"prensa_diaria_min":null,"audiencia_diaria_tv":null,"audiencia_diaria_tv_max":null,"audiencia_diaria_tv_min":null,"actividad_economica_normalizado":null,"actividad_economica_normalizado_max":null,"actividad_economica_normalizado_min":null,"edad_media_normalizada":null,"edad_media_normalizada_max":null,"edad_media_normalizada_min":null,"comercial_normalizado":null,"comercial_normalizado_max":null,"comercial_normalizado_min":null,"envejecimiento_normalizado":null,"envejecimiento_normalizado_max":null,"envejecimiento_normalizado_min":null,"saldo_vegetativo_normalizado":null,"saldo_vegetativo_normalizado_max":null,"saldo_vegetativo_normalizado_min":null,"restauracion_normalizado":null,"restauracion_normalizado_max":null,"restauracion_normalizado_min":null},"1981":{"inmigracion_normalizado":null,"inmigracion_normalizado_max":null,"inmigracion_normalizado_min":null,"secundaria_acabada":null,"secundaria_acabada_max":null,"secundaria_acabada_min":null,"pib_normalizado":null,"pib_normalizado_max":null,"pib_normalizado_min":null,"salario_medio_normalizado":null,"salario_medio_normalizado_max":null,"salario_medio_normalizado_min":null,"penetracion_internet":null,"penetracion_internet_max":null,"penetracion_internet_min":null,"lineas_adsl":null,"lineas_adsl_max":null,"lineas_adsl_min":null,"paro_normalizado":null,"paro_normalizado_max":null,"paro_normalizado_min":null,"uso_regular_internet":null,"uso_regular_internet_max":null,"uso_regular_internet_min":null,"prensa_diaria":null,"prensa_diaria_max":null,"prensa_diaria_min":null,"audiencia_diaria_tv":null,"audiencia_diaria_tv_max":null,"audiencia_diaria_tv_min":null,"actividad_economica_normalizado":null,"actividad_economica_normalizado_max":null,"actividad_economica_normalizado_min":null,"edad_media_normalizada":null,"edad_media_normalizada_max":null,"edad_media_normalizada_min":null,"comercial_normalizado":null,"comercial_normalizado_max":null,"comercial_normalizado_min":null,"envejecimiento_normalizado":null,"envejecimiento_normalizado_max":null,"envejecimiento_normalizado_min":null,"saldo_vegetativo_normalizado":null,"saldo_vegetativo_normalizado_max":null,"saldo_vegetativo_normalizado_min":null,"restauracion_normalizado":null,"restauracion_normalizado_max":null,"restauracion_normalizado_min":null},"1982":{"inmigracion_normalizado":null,"inmigracion_normalizado_max":null,"inmigracion_normalizado_min":null,"secundaria_acabada":null,"secundaria_acabada_max":null,"secundaria_acabada_min":null,"pib_normalizado":null,"pib_normalizado_max":null,"pib_normalizado_min":null,"salario_medio_normalizado":null,"salario_medio_normalizado_max":null,"salario_medio_normalizado_min":null,"penetracion_internet":null,"penetracion_internet_max":null,"penetracion_internet_min":null,"lineas_adsl":null,"lineas_adsl_max":null,"lineas_adsl_min":null,"paro_normalizado":null,"paro_normalizado_max":null,"paro_normalizado_min":null,"uso_regular_internet":null,"uso_regular_internet_max":null,"uso_regular_internet_min":null,"prensa_diaria":null,"prensa_diaria_max":null,"prensa_diaria_min":null,"audiencia_diaria_tv":null,"audiencia_diaria_tv_max":null,"audiencia_diaria_tv_min":null,"actividad_economica_normalizado":null,"actividad_economica_normalizado_max":null,"actividad_economica_normalizado_min":null,"edad_media_normalizada":null,"edad_media_normalizada_max":null,"edad_media_normalizada_min":null,"comercial_normalizado":null,"comercial_normalizado_max":null,"comercial_normalizado_min":null,"envejecimiento_normalizado":null,"envejecimiento_normalizado_max":null,"envejecimiento_normalizado_min":null,"saldo_vegetativo_normalizado":null,"saldo_vegetativo_normalizado_max":null,"saldo_vegetativo_normalizado_min":null,"restauracion_normalizado":null,"restauracion_normalizado_max":null,"restauracion_normalizado_min":null},"1983":{"inmigracion_normalizado":null,"inmigracion_normalizado_max":null,"inmigracion_normalizado_min":null,"secundaria_acabada":null,"secundaria_acabada_max":null,"secundaria_acabada_min":null,"pib_normalizado":null,"pib_normalizado_max":null,"pib_normalizado_min":null,"salario_medio_normalizado":null,"salario_medio_normalizado_max":null,"salario_medio_normalizado_min":null,"penetracion_internet":null,"penetracion_internet_max":null,"penetracion_internet_min":null,"lineas_adsl":null,"lineas_adsl_max":null,"lineas_adsl_min":null,"paro_normalizado":null,"paro_normalizado_max":null,"paro_normalizado_min":null,"uso_regular_internet":null,"uso_regular_internet_max":null,"uso_regular_internet_min":null,"prensa_diaria":null,"prensa_diaria_max":null,"prensa_diaria_min":null,"audiencia_diaria_tv":null,"audiencia_diaria_tv_max":null,"audiencia_diaria_tv_min":null,"actividad_economica_normalizado":null,"actividad_economica_normalizado_max":null,"actividad_economica_normalizado_min":null,"edad_media_normalizada":null,"edad_media_normalizada_max":null,"edad_media_normalizada_min":null,"comercial_normalizado":null,"comercial_normalizado_max":null,"comercial_normalizado_min":null,"envejecimiento_normalizado":null,"envejecimiento_normalizado_max":null,"envejecimiento_normalizado_min":null,"saldo_vegetativo_normalizado":null,"saldo_vegetativo_normalizado_max":null,"saldo_vegetativo_normalizado_min":null,"restauracion_normalizado":null,"restauracion_normalizado_max":null,"restauracion_normalizado_min":null},"1984":{"inmigracion_normalizado":null,"inmigracion_normalizado_max":null,"inmigracion_normalizado_min":null,"secundaria_acabada":null,"secundaria_acabada_max":null,"secundaria_acabada_min":null,"pib_normalizado":null,"pib_normalizado_max":null,"pib_normalizado_min":null,"salario_medio_normalizado":null,"salario_medio_normalizado_max":null,"salario_medio_normalizado_min":null,"penetracion_internet":null,"penetracion_internet_max":null,"penetracion_internet_min":null,"lineas_adsl":null,"lineas_adsl_max":null,"lineas_adsl_min":null,"paro_normalizado":null,"paro_normalizado_max":null,"paro_normalizado_min":null,"uso_regular_internet":null,"uso_regular_internet_max":null,"uso_regular_internet_min":null,"prensa_diaria":null,"prensa_diaria_max":null,"prensa_diaria_min":null,"audiencia_diaria_tv":null,"audiencia_diaria_tv_max":null,"audiencia_diaria_tv_min":null,"actividad_economica_normalizado":null,"actividad_economica_normalizado_max":null,"actividad_economica_normalizado_min":null,"edad_media_normalizada":null,"edad_media_normalizada_max":null,"edad_media_normalizada_min":null,"comercial_normalizado":null,"comercial_normalizado_max":null,"comercial_normalizado_min":null,"envejecimiento_normalizado":null,"envejecimiento_normalizado_max":null,"envejecimiento_normalizado_min":null,"saldo_vegetativo_normalizado":null,"saldo_vegetativo_normalizado_max":null,"saldo_vegetativo_normalizado_min":null,"restauracion_normalizado":null,"restauracion_normalizado_max":null,"restauracion_normalizado_min":null},"1985":{"inmigracion_normalizado":null,"inmigracion_normalizado_max":null,"inmigracion_normalizado_min":null,"secundaria_acabada":null,"secundaria_acabada_max":null,"secundaria_acabada_min":null,"pib_normalizado":null,"pib_normalizado_max":null,"pib_normalizado_min":null,"salario_medio_normalizado":null,"salario_medio_normalizado_max":null,"salario_medio_normalizado_min":null,"penetracion_internet":null,"penetracion_internet_max":null,"penetracion_internet_min":null,"lineas_adsl":null,"lineas_adsl_max":null,"lineas_adsl_min":null,"paro_normalizado":null,"paro_normalizado_max":null,"paro_normalizado_min":null,"uso_regular_internet":null,"uso_regular_internet_max":null,"uso_regular_internet_min":null,"prensa_diaria":null,"prensa_diaria_max":null,"prensa_diaria_min":null,"audiencia_diaria_tv":null,"audiencia_diaria_tv_max":null,"audiencia_diaria_tv_min":null,"actividad_economica_normalizado":null,"actividad_economica_normalizado_max":null,"actividad_economica_normalizado_min":null,"edad_media_normalizada":null,"edad_media_normalizada_max":null,"edad_media_normalizada_min":null,"comercial_normalizado":null,"comercial_normalizado_max":null,"comercial_normalizado_min":null,"envejecimiento_normalizado":null,"envejecimiento_normalizado_max":null,"envejecimiento_normalizado_min":null,"saldo_vegetativo_normalizado":null,"saldo_vegetativo_normalizado_max":null,"saldo_vegetativo_normalizado_min":null,"restauracion_normalizado":null,"restauracion_normalizado_max":null,"restauracion_normalizado_min":null},"1986":{"inmigracion_normalizado":null,"inmigracion_normalizado_max":null,"inmigracion_normalizado_min":null,"secundaria_acabada":null,"secundaria_acabada_max":null,"secundaria_acabada_min":null,"pib_normalizado":null,"pib_normalizado_max":null,"pib_normalizado_min":null,"salario_medio_normalizado":null,"salario_medio_normalizado_max":null,"salario_medio_normalizado_min":null,"penetracion_internet":null,"penetracion_internet_max":null,"penetracion_internet_min":null,"lineas_adsl":null,"lineas_adsl_max":null,"lineas_adsl_min":null,"paro_normalizado":null,"paro_normalizado_max":null,"paro_normalizado_min":null,"uso_regular_internet":null,"uso_regular_internet_max":null,"uso_regular_internet_min":null,"prensa_diaria":null,"prensa_diaria_max":null,"prensa_diaria_min":null,"audiencia_diaria_tv":null,"audiencia_diaria_tv_max":null,"audiencia_diaria_tv_min":null,"actividad_economica_normalizado":null,"actividad_economica_normalizado_max":null,"actividad_economica_normalizado_min":null,"edad_media_normalizada":null,"edad_media_normalizada_max":null,"edad_media_normalizada_min":null,"comercial_normalizado":null,"comercial_normalizado_max":null,"comercial_normalizado_min":null,"envejecimiento_normalizado":null,"envejecimiento_normalizado_max":null,"envejecimiento_normalizado_min":null,"saldo_vegetativo_normalizado":null,"saldo_vegetativo_normalizado_max":null,"saldo_vegetativo_normalizado_min":null,"restauracion_normalizado":null,"restauracion_normalizado_max":null,"restauracion_normalizado_min":null},"1987":{"inmigracion_normalizado":null,"inmigracion_normalizado_max":null,"inmigracion_normalizado_min":null,"secundaria_acabada":null,"secundaria_acabada_max":null,"secundaria_acabada_min":null,"pib_normalizado":null,"pib_normalizado_max":null,"pib_normalizado_min":null,"salario_medio_normalizado":null,"salario_medio_normalizado_max":null,"salario_medio_normalizado_min":null,"penetracion_internet":null,"penetracion_internet_max":null,"penetracion_internet_min":null,"lineas_adsl":null,"lineas_adsl_max":null,"lineas_adsl_min":null,"paro_normalizado":null,"paro_normalizado_max":null,"paro_normalizado_min":null,"uso_regular_internet":null,"uso_regular_internet_max":null,"uso_regular_internet_min":null,"prensa_diaria":null,"prensa_diaria_max":null,"prensa_diaria_min":null,"audiencia_diaria_tv":null,"audiencia_diaria_tv_max":null,"audiencia_diaria_tv_min":null,"actividad_economica_normalizado":null,"actividad_economica_normalizado_max":null,"actividad_economica_normalizado_min":null,"edad_media_normalizada":null,"edad_media_normalizada_max":null,"edad_media_normalizada_min":null,"comercial_normalizado":null,"comercial_normalizado_max":null,"comercial_normalizado_min":null,"envejecimiento_normalizado":null,"envejecimiento_normalizado_max":null,"envejecimiento_normalizado_min":null,"saldo_vegetativo_normalizado":null,"saldo_vegetativo_normalizado_max":null,"saldo_vegetativo_normalizado_min":null,"restauracion_normalizado":null,"restauracion_normalizado_max":null,"restauracion_normalizado_min":null,"censo_total":157,"percen_participacion":74,"primer_partido_percent":47,"primer_partido_name":"PSOE","segundo_partido_percent":40,"segundo_partido_name":"AP","tercer_partido_percent":0,"tercer_partido_name":"ADEIS","otros_partido_percent":11},"1988":{"inmigracion_normalizado":null,"inmigracion_normalizado_max":null,"inmigracion_normalizado_min":null,"secundaria_acabada":null,"secundaria_acabada_max":null,"secundaria_acabada_min":null,"pib_normalizado":null,"pib_normalizado_max":null,"pib_normalizado_min":null,"salario_medio_normalizado":null,"salario_medio_normalizado_max":null,"salario_medio_normalizado_min":null,"penetracion_internet":null,"penetracion_internet_max":null,"penetracion_internet_min":null,"lineas_adsl":null,"lineas_adsl_max":null,"lineas_adsl_min":null,"paro_normalizado":null,"paro_normalizado_max":null,"paro_normalizado_min":null,"uso_regular_internet":null,"uso_regular_internet_max":null,"uso_regular_internet_min":null,"prensa_diaria":null,"prensa_diaria_max":null,"prensa_diaria_min":null,"audiencia_diaria_tv":null,"audiencia_diaria_tv_max":null,"audiencia_diaria_tv_min":null,"actividad_economica_normalizado":null,"actividad_economica_normalizado_max":null,"actividad_economica_normalizado_min":null,"edad_media_normalizada":null,"edad_media_normalizada_max":null,"edad_media_normalizada_min":null,"comercial_normalizado":null,"comercial_normalizado_max":null,"comercial_normalizado_min":null,"envejecimiento_normalizado":null,"envejecimiento_normalizado_max":null,"envejecimiento_normalizado_min":null,"saldo_vegetativo_normalizado":null,"saldo_vegetativo_normalizado_max":null,"saldo_vegetativo_normalizado_min":null,"restauracion_normalizado":null,"restauracion_normalizado_max":null,"restauracion_normalizado_min":null,"censo_total":157,"percen_participacion":74,"primer_partido_percent":47,"primer_partido_name":"PSOE","segundo_partido_percent":40,"segundo_partido_name":"AP","tercer_partido_percent":0,"tercer_partido_name":"ADEIS","otros_partido_percent":11},"1989":{"inmigracion_normalizado":null,"inmigracion_normalizado_max":null,"inmigracion_normalizado_min":null,"secundaria_acabada":null,"secundaria_acabada_max":null,"secundaria_acabada_min":null,"pib_normalizado":null,"pib_normalizado_max":null,"pib_normalizado_min":null,"salario_medio_normalizado":null,"salario_medio_normalizado_max":null,"salario_medio_normalizado_min":null,"penetracion_internet":null,"penetracion_internet_max":null,"penetracion_internet_min":null,"lineas_adsl":null,"lineas_adsl_max":null,"lineas_adsl_min":null,"paro_normalizado":null,"paro_normalizado_max":null,"paro_normalizado_min":null,"uso_regular_internet":null,"uso_regular_internet_max":null,"uso_regular_internet_min":null,"prensa_diaria":null,"prensa_diaria_max":null,"prensa_diaria_min":null,"audiencia_diaria_tv":null,"audiencia_diaria_tv_max":null,"audiencia_diaria_tv_min":null,"actividad_economica_normalizado":null,"actividad_economica_normalizado_max":null,"actividad_economica_normalizado_min":null,"edad_media_normalizada":null,"edad_media_normalizada_max":null,"edad_media_normalizada_min":null,"comercial_normalizado":null,"comercial_normalizado_max":null,"comercial_normalizado_min":null,"envejecimiento_normalizado":null,"envejecimiento_normalizado_max":null,"envejecimiento_normalizado_min":null,"saldo_vegetativo_normalizado":null,"saldo_vegetativo_normalizado_max":null,"saldo_vegetativo_normalizado_min":null,"restauracion_normalizado":null,"restauracion_normalizado_max":null,"restauracion_normalizado_min":null,"censo_total":157,"percen_participacion":74,"primer_partido_percent":47,"primer_partido_name":"PSOE","segundo_partido_percent":40,"segundo_partido_name":"AP","tercer_partido_percent":0,"tercer_partido_name":"ADEIS","otros_partido_percent":11},"1990":{"inmigracion_normalizado":null,"inmigracion_normalizado_max":null,"inmigracion_normalizado_min":null,"secundaria_acabada":null,"secundaria_acabada_max":null,"secundaria_acabada_min":null,"pib_normalizado":null,"pib_normalizado_max":null,"pib_normalizado_min":null,"salario_medio_normalizado":null,"salario_medio_normalizado_max":null,"salario_medio_normalizado_min":null,"penetracion_internet":null,"penetracion_internet_max":null,"penetracion_internet_min":null,"lineas_adsl":null,"lineas_adsl_max":null,"lineas_adsl_min":null,"paro_normalizado":null,"paro_normalizado_max":null,"paro_normalizado_min":null,"uso_regular_internet":null,"uso_regular_internet_max":null,"uso_regular_internet_min":null,"prensa_diaria":null,"prensa_diaria_max":null,"prensa_diaria_min":null,"audiencia_diaria_tv":null,"audiencia_diaria_tv_max":null,"audiencia_diaria_tv_min":null,"actividad_economica_normalizado":null,"actividad_economica_normalizado_max":null,"actividad_economica_normalizado_min":null,"edad_media_normalizada":null,"edad_media_normalizada_max":null,"edad_media_normalizada_min":null,"comercial_normalizado":null,"comercial_normalizado_max":null,"comercial_normalizado_min":null,"envejecimiento_normalizado":null,"envejecimiento_normalizado_max":null,"envejecimiento_normalizado_min":null,"saldo_vegetativo_normalizado":null,"saldo_vegetativo_normalizado_max":null,"saldo_vegetativo_normalizado_min":null,"restauracion_normalizado":null,"restauracion_normalizado_max":null,"restauracion_normalizado_min":null,"censo_total":157,"percen_participacion":74,"primer_partido_percent":47,"primer_partido_name":"PSOE","segundo_partido_percent":40,"segundo_partido_name":"AP","tercer_partido_percent":0,"tercer_partido_name":"ADEIS","otros_partido_percent":11},"1991":{"inmigracion_normalizado":null,"inmigracion_normalizado_max":null,"inmigracion_normalizado_min":null,"secundaria_acabada":null,"secundaria_acabada_max":null,"secundaria_acabada_min":null,"pib_normalizado":null,"pib_normalizado_max":null,"pib_normalizado_min":null,"salario_medio_normalizado":null,"salario_medio_normalizado_max":null,"salario_medio_normalizado_min":null,"penetracion_internet":null,"penetracion_internet_max":null,"penetracion_internet_min":null,"lineas_adsl":null,"lineas_adsl_max":null,"lineas_adsl_min":null,"paro_normalizado":null,"paro_normalizado_max":null,"paro_normalizado_min":null,"uso_regular_internet":null,"uso_regular_internet_max":null,"uso_regular_internet_min":null,"prensa_diaria":null,"prensa_diaria_max":null,"prensa_diaria_min":null,"audiencia_diaria_tv":null,"audiencia_diaria_tv_max":null,"audiencia_diaria_tv_min":null,"actividad_economica_normalizado":null,"actividad_economica_normalizado_max":null,"actividad_economica_normalizado_min":null,"edad_media_normalizada":null,"edad_media_normalizada_max":null,"edad_media_normalizada_min":null,"comercial_normalizado":null,"comercial_normalizado_max":null,"comercial_normalizado_min":null,"envejecimiento_normalizado":null,"envejecimiento_normalizado_max":null,"envejecimiento_normalizado_min":null,"saldo_vegetativo_normalizado":null,"saldo_vegetativo_normalizado_max":null,"saldo_vegetativo_normalizado_min":null,"restauracion_normalizado":null,"restauracion_normalizado_max":null,"restauracion_normalizado_min":null,"censo_total":157,"percen_participacion":74,"primer_partido_percent":47,"primer_partido_name":"PSOE","segundo_partido_percent":40,"segundo_partido_name":"AP","tercer_partido_percent":0,"tercer_partido_name":"ADEIS","otros_partido_percent":11},"1992":{"inmigracion_normalizado":null,"inmigracion_normalizado_max":null,"inmigracion_normalizado_min":null,"secundaria_acabada":null,"secundaria_acabada_max":null,"secundaria_acabada_min":null,"pib_normalizado":null,"pib_normalizado_max":null,"pib_normalizado_min":null,"salario_medio_normalizado":null,"salario_medio_normalizado_max":null,"salario_medio_normalizado_min":null,"penetracion_internet":null,"penetracion_internet_max":null,"penetracion_internet_min":null,"lineas_adsl":null,"lineas_adsl_max":null,"lineas_adsl_min":null,"paro_normalizado":null,"paro_normalizado_max":null,"paro_normalizado_min":null,"uso_regular_internet":null,"uso_regular_internet_max":null,"uso_regular_internet_min":null,"prensa_diaria":null,"prensa_diaria_max":null,"prensa_diaria_min":null,"audiencia_diaria_tv":null,"audiencia_diaria_tv_max":null,"audiencia_diaria_tv_min":null,"actividad_economica_normalizado":null,"actividad_economica_normalizado_max":null,"actividad_economica_normalizado_min":null,"edad_media_normalizada":null,"edad_media_normalizada_max":null,"edad_media_normalizada_min":null,"comercial_normalizado":null,"comercial_normalizado_max":null,"comercial_normalizado_min":null,"envejecimiento_normalizado":null,"envejecimiento_normalizado_max":null,"envejecimiento_normalizado_min":null,"saldo_vegetativo_normalizado":null,"saldo_vegetativo_normalizado_max":null,"saldo_vegetativo_normalizado_min":null,"restauracion_normalizado":null,"restauracion_normalizado_max":null,"restauracion_normalizado_min":null,"censo_total":157,"percen_participacion":74,"primer_partido_percent":47,"primer_partido_name":"PSOE","segundo_partido_percent":40,"segundo_partido_name":"AP","tercer_partido_percent":0,"tercer_partido_name":"ADEIS","otros_partido_percent":11},"1993":{"inmigracion_normalizado":null,"inmigracion_normalizado_max":null,"inmigracion_normalizado_min":null,"secundaria_acabada":null,"secundaria_acabada_max":null,"secundaria_acabada_min":null,"pib_normalizado":null,"pib_normalizado_max":null,"pib_normalizado_min":null,"salario_medio_normalizado":null,"salario_medio_normalizado_max":null,"salario_medio_normalizado_min":null,"penetracion_internet":null,"penetracion_internet_max":null,"penetracion_internet_min":null,"lineas_adsl":null,"lineas_adsl_max":null,"lineas_adsl_min":null,"paro_normalizado":null,"paro_normalizado_max":null,"paro_normalizado_min":null,"uso_regular_internet":null,"uso_regular_internet_max":null,"uso_regular_internet_min":null,"prensa_diaria":null,"prensa_diaria_max":null,"prensa_diaria_min":null,"audiencia_diaria_tv":null,"audiencia_diaria_tv_max":null,"audiencia_diaria_tv_min":null,"actividad_economica_normalizado":null,"actividad_economica_normalizado_max":null,"actividad_economica_normalizado_min":null,"edad_media_normalizada":null,"edad_media_normalizada_max":null,"edad_media_normalizada_min":null,"comercial_normalizado":null,"comercial_normalizado_max":null,"comercial_normalizado_min":null,"envejecimiento_normalizado":null,"envejecimiento_normalizado_max":null,"envejecimiento_normalizado_min":null,"saldo_vegetativo_normalizado":null,"saldo_vegetativo_normalizado_max":null,"saldo_vegetativo_normalizado_min":null,"restauracion_normalizado":null,"restauracion_normalizado_max":null,"restauracion_normalizado_min":null,"censo_total":157,"percen_participacion":74,"primer_partido_percent":47,"primer_partido_name":"PSOE","segundo_partido_percent":40,"segundo_partido_name":"AP","tercer_partido_percent":0,"tercer_partido_name":"ADEIS","otros_partido_percent":11},"1994":{"inmigracion_normalizado":null,"inmigracion_normalizado_max":null,"inmigracion_normalizado_min":null,"secundaria_acabada":null,"secundaria_acabada_max":null,"secundaria_acabada_min":null,"pib_normalizado":null,"pib_normalizado_max":null,"pib_normalizado_min":null,"salario_medio_normalizado":null,"salario_medio_normalizado_max":null,"salario_medio_normalizado_min":null,"penetracion_internet":null,"penetracion_internet_max":null,"penetracion_internet_min":null,"lineas_adsl":null,"lineas_adsl_max":null,"lineas_adsl_min":null,"paro_normalizado":null,"paro_normalizado_max":null,"paro_normalizado_min":null,"uso_regular_internet":null,"uso_regular_internet_max":null,"uso_regular_internet_min":null,"prensa_diaria":null,"prensa_diaria_max":null,"prensa_diaria_min":null,"audiencia_diaria_tv":null,"audiencia_diaria_tv_max":null,"audiencia_diaria_tv_min":null,"actividad_economica_normalizado":null,"actividad_economica_normalizado_max":null,"actividad_economica_normalizado_min":null,"edad_media_normalizada":null,"edad_media_normalizada_max":null,"edad_media_normalizada_min":null,"comercial_normalizado":null,"comercial_normalizado_max":null,"comercial_normalizado_min":null,"envejecimiento_normalizado":null,"envejecimiento_normalizado_max":null,"envejecimiento_normalizado_min":null,"saldo_vegetativo_normalizado":null,"saldo_vegetativo_normalizado_max":null,"saldo_vegetativo_normalizado_min":null,"restauracion_normalizado":null,"restauracion_normalizado_max":null,"restauracion_normalizado_min":null,"censo_total":157,"percen_participacion":74,"primer_partido_percent":47,"primer_partido_name":"PSOE","segundo_partido_percent":40,"segundo_partido_name":"AP","tercer_partido_percent":0,"tercer_partido_name":"ADEIS","otros_partido_percent":11},"1995":{"inmigracion_normalizado":null,"inmigracion_normalizado_max":null,"inmigracion_normalizado_min":null,"secundaria_acabada":null,"secundaria_acabada_max":null,"secundaria_acabada_min":null,"pib_normalizado":null,"pib_normalizado_max":null,"pib_normalizado_min":null,"salario_medio_normalizado":null,"salario_medio_normalizado_max":null,"salario_medio_normalizado_min":null,"penetracion_internet":null,"penetracion_internet_max":null,"penetracion_internet_min":null,"lineas_adsl":null,"lineas_adsl_max":null,"lineas_adsl_min":null,"paro_normalizado":null,"paro_normalizado_max":null,"paro_normalizado_min":null,"uso_regular_internet":null,"uso_regular_internet_max":null,"uso_regular_internet_min":null,"prensa_diaria":null,"prensa_diaria_max":null,"prensa_diaria_min":null,"audiencia_diaria_tv":null,"audiencia_diaria_tv_max":null,"audiencia_diaria_tv_min":null,"actividad_economica_normalizado":null,"actividad_economica_normalizado_max":null,"actividad_economica_normalizado_min":null,"edad_media_normalizada":null,"edad_media_normalizada_max":null,"edad_media_normalizada_min":null,"comercial_normalizado":null,"comercial_normalizado_max":null,"comercial_normalizado_min":null,"envejecimiento_normalizado":null,"envejecimiento_normalizado_max":null,"envejecimiento_normalizado_min":null,"saldo_vegetativo_normalizado":null,"saldo_vegetativo_normalizado_max":null,"saldo_vegetativo_normalizado_min":null,"restauracion_normalizado":null,"restauracion_normalizado_max":null,"restauracion_normalizado_min":null,"censo_total":145,"percen_participacion":85,"primer_partido_percent":41,"primer_partido_name":"PP","segundo_partido_percent":40,"segundo_partido_name":"SI","tercer_partido_percent":13,"tercer_partido_name":"TC-PNC","otros_partido_percent":5},"1996":{"inmigracion_normalizado":null,"inmigracion_normalizado_max":null,"inmigracion_normalizado_min":null,"secundaria_acabada":null,"secundaria_acabada_max":null,"secundaria_acabada_min":null,"pib_normalizado":null,"pib_normalizado_max":null,"pib_normalizado_min":null,"salario_medio_normalizado":null,"salario_medio_normalizado_max":null,"salario_medio_normalizado_min":null,"penetracion_internet":null,"penetracion_internet_max":null,"penetracion_internet_min":null,"lineas_adsl":null,"lineas_adsl_max":null,"lineas_adsl_min":null,"paro_normalizado":null,"paro_normalizado_max":"33.292523077","paro_normalizado_min":"-5.107476923","uso_regular_internet":null,"uso_regular_internet_max":null,"uso_regular_internet_min":null,"prensa_diaria":null,"prensa_diaria_max":null,"prensa_diaria_min":null,"audiencia_diaria_tv":null,"audiencia_diaria_tv_max":null,"audiencia_diaria_tv_min":null,"actividad_economica_normalizado":null,"actividad_economica_normalizado_max":null,"actividad_economica_normalizado_min":null,"edad_media_normalizada":null,"edad_media_normalizada_max":null,"edad_media_normalizada_min":null,"comercial_normalizado":null,"comercial_normalizado_max":null,"comercial_normalizado_min":null,"envejecimiento_normalizado":null,"envejecimiento_normalizado_max":null,"envejecimiento_normalizado_min":null,"saldo_vegetativo_normalizado":null,"saldo_vegetativo_normalizado_max":null,"saldo_vegetativo_normalizado_min":null,"restauracion_normalizado":null,"restauracion_normalizado_max":null,"restauracion_normalizado_min":null,"censo_total":145,"percen_participacion":85,"primer_partido_percent":41,"primer_partido_name":"PP","segundo_partido_percent":40,"segundo_partido_name":"SI","tercer_partido_percent":13,"tercer_partido_name":"TC-PNC","otros_partido_percent":5},"1997":{"inmigracion_normalizado":null,"inmigracion_normalizado_max":null,"inmigracion_normalizado_min":null,"secundaria_acabada":null,"secundaria_acabada_max":null,"secundaria_acabada_min":null,"pib_normalizado":null,"pib_normalizado_max":null,"pib_normalizado_min":null,"salario_medio_normalizado":null,"salario_medio_normalizado_max":null,"salario_medio_normalizado_min":null,"penetracion_internet":null,"penetracion_internet_max":null,"penetracion_internet_min":null,"lineas_adsl":null,"lineas_adsl_max":null,"lineas_adsl_min":null,"paro_normalizado":null,"paro_normalizado_max":"14.272307692000002","paro_normalizado_min":"-4.027692308","uso_regular_internet":null,"uso_regular_internet_max":null,"uso_regular_internet_min":null,"prensa_diaria":null,"prensa_diaria_max":null,"prensa_diaria_min":null,"audiencia_diaria_tv":null,"audiencia_diaria_tv_max":null,"audiencia_diaria_tv_min":null,"actividad_economica_normalizado":null,"actividad_economica_normalizado_max":null,"actividad_economica_normalizado_min":null,"edad_media_normalizada":null,"edad_media_normalizada_max":null,"edad_media_normalizada_min":null,"comercial_normalizado":null,"comercial_normalizado_max":null,"comercial_normalizado_min":null,"envejecimiento_normalizado":null,"envejecimiento_normalizado_max":null,"envejecimiento_normalizado_min":null,"saldo_vegetativo_normalizado":null,"saldo_vegetativo_normalizado_max":null,"saldo_vegetativo_normalizado_min":null,"restauracion_normalizado":null,"restauracion_normalizado_max":null,"restauracion_normalizado_min":null,"censo_total":145,"percen_participacion":85,"primer_partido_percent":41,"primer_partido_name":"PP","segundo_partido_percent":40,"segundo_partido_name":"SI","tercer_partido_percent":13,"tercer_partido_name":"TC-PNC","otros_partido_percent":5},"1998":{"inmigracion_normalizado":null,"inmigracion_normalizado_max":null,"inmigracion_normalizado_min":null,"secundaria_acabada":null,"secundaria_acabada_max":null,"secundaria_acabada_min":null,"pib_normalizado":null,"pib_normalizado_max":null,"pib_normalizado_min":null,"salario_medio_normalizado":null,"salario_medio_normalizado_max":null,"salario_medio_normalizado_min":null,"penetracion_internet":null,"penetracion_internet_max":null,"penetracion_internet_min":null,"lineas_adsl":null,"lineas_adsl_max":null,"lineas_adsl_min":null,"paro_normalizado":null,"paro_normalizado_max":"13.033138461999998","paro_normalizado_min":"-3.866861538","uso_regular_internet":null,"uso_regular_internet_max":null,"uso_regular_internet_min":null,"prensa_diaria":null,"prensa_diaria_max":null,"prensa_diaria_min":null,"audiencia_diaria_tv":null,"audiencia_diaria_tv_max":null,"audiencia_diaria_tv_min":null,"actividad_economica_normalizado":null,"actividad_economica_normalizado_max":null,"actividad_economica_normalizado_min":null,"edad_media_normalizada":null,"edad_media_normalizada_max":null,"edad_media_normalizada_min":null,"comercial_normalizado":null,"comercial_normalizado_max":null,"comercial_normalizado_min":null,"envejecimiento_normalizado":null,"envejecimiento_normalizado_max":null,"envejecimiento_normalizado_min":null,"saldo_vegetativo_normalizado":null,"saldo_vegetativo_normalizado_max":null,"saldo_vegetativo_normalizado_min":null,"restauracion_normalizado":null,"restauracion_normalizado_max":null,"restauracion_normalizado_min":null,"censo_total":145,"percen_participacion":85,"primer_partido_percent":41,"primer_partido_name":"PP","segundo_partido_percent":40,"segundo_partido_name":"SI","tercer_partido_percent":13,"tercer_partido_name":"TC-PNC","otros_partido_percent":5},"1999":{"inmigracion_normalizado":"0.0","inmigracion_normalizado_max":"53804.21417","inmigracion_normalizado_min":"-99.32182308","secundaria_acabada":null,"secundaria_acabada_max":null,"secundaria_acabada_min":null,"pib_normalizado":null,"pib_normalizado_max":null,"pib_normalizado_min":null,"salario_medio_normalizado":null,"salario_medio_normalizado_max":null,"salario_medio_normalizado_min":null,"penetracion_internet":null,"penetracion_internet_max":null,"penetracion_internet_min":null,"lineas_adsl":null,"lineas_adsl_max":null,"lineas_adsl_min":null,"paro_normalizado":null,"paro_normalizado_max":"10.071846154","paro_normalizado_min":"-3.128153846","uso_regular_internet":null,"uso_regular_internet_max":null,"uso_regular_internet_min":null,"prensa_diaria":null,"prensa_diaria_max":null,"prensa_diaria_min":null,"audiencia_diaria_tv":null,"audiencia_diaria_tv_max":null,"audiencia_diaria_tv_min":null,"actividad_economica_normalizado":null,"actividad_economica_normalizado_max":null,"actividad_economica_normalizado_min":null,"edad_media_normalizada":null,"edad_media_normalizada_max":null,"edad_media_normalizada_min":null,"comercial_normalizado":null,"comercial_normalizado_max":null,"comercial_normalizado_min":null,"envejecimiento_normalizado":null,"envejecimiento_normalizado_max":null,"envejecimiento_normalizado_min":null,"saldo_vegetativo_normalizado":null,"saldo_vegetativo_normalizado_max":null,"saldo_vegetativo_normalizado_min":null,"restauracion_normalizado":null,"restauracion_normalizado_max":null,"restauracion_normalizado_min":null,"censo_total":151,"percen_participacion":85,"primer_partido_percent":52,"primer_partido_name":"PP","segundo_partido_percent":43,"segundo_partido_name":"TC-PNC","tercer_partido_percent":0,"tercer_partido_name":"IZ","otros_partido_percent":4},"2000":{"inmigracion_normalizado":"0.0","inmigracion_normalizado_max":"58778.11781","inmigracion_normalizado_min":"-99.40780779","secundaria_acabada":null,"secundaria_acabada_max":null,"secundaria_acabada_min":null,"pib_normalizado":null,"pib_normalizado_max":null,"pib_normalizado_min":null,"salario_medio_normalizado":null,"salario_medio_normalizado_max":null,"salario_medio_normalizado_min":null,"penetracion_internet":null,"penetracion_internet_max":null,"penetracion_internet_min":null,"lineas_adsl":null,"lineas_adsl_max":null,"lineas_adsl_min":null,"paro_normalizado":null,"paro_normalizado_max":"11.371507692","paro_normalizado_min":"-3.128492308","uso_regular_internet":null,"uso_regular_internet_max":null,"uso_regular_internet_min":null,"prensa_diaria":null,"prensa_diaria_max":null,"prensa_diaria_min":null,"audiencia_diaria_tv":null,"audiencia_diaria_tv_max":null,"audiencia_diaria_tv_min":null,"actividad_economica_normalizado":null,"actividad_economica_normalizado_max":null,"actividad_economica_normalizado_min":null,"edad_media_normalizada":"1.103175994","edad_media_normalizada_max":"33.77959596","edad_media_normalizada_min":"-16.87587738","comercial_normalizado":null,"comercial_normalizado_max":null,"comercial_normalizado_min":null,"envejecimiento_normalizado":null,"envejecimiento_normalizado_max":null,"envejecimiento_normalizado_min":null,"saldo_vegetativo_normalizado":null,"saldo_vegetativo_normalizado_max":null,"saldo_vegetativo_normalizado_min":null,"restauracion_normalizado":null,"restauracion_normalizado_max":null,"restauracion_normalizado_min":null,"censo_total":151,"percen_participacion":85,"primer_partido_percent":52,"primer_partido_name":"PP","segundo_partido_percent":43,"segundo_partido_name":"TC-PNC","tercer_partido_percent":0,"tercer_partido_name":"IZ","otros_partido_percent":4},"2001":{"inmigracion_normalizado":"0.0","inmigracion_normalizado_max":"81369.1754","inmigracion_normalizado_min":"-99.57644466","secundaria_acabada":null,"secundaria_acabada_max":null,"secundaria_acabada_min":null,"pib_normalizado":null,"pib_normalizado_max":null,"pib_normalizado_min":null,"salario_medio_normalizado":null,"salario_medio_normalizado_max":null,"salario_medio_normalizado_min":null,"penetracion_internet":null,"penetracion_internet_max":null,"penetracion_internet_min":null,"lineas_adsl":null,"lineas_adsl_max":null,"lineas_adsl_min":null,"paro_normalizado":null,"paro_normalizado_max":"10.569292308","paro_normalizado_min":"-3.030707692","uso_regular_internet":null,"uso_regular_internet_max":null,"uso_regular_internet_min":null,"prensa_diaria":null,"prensa_diaria_max":null,"prensa_diaria_min":null,"audiencia_diaria_tv":null,"audiencia_diaria_tv_max":null,"audiencia_diaria_tv_min":null,"actividad_economica_normalizado":null,"actividad_economica_normalizado_max":null,"actividad_economica_normalizado_min":null,"edad_media_normalizada":"0.502829468","edad_media_normalizada_max":"26.90128042","edad_media_normalizada_min":"-17.00367045","comercial_normalizado":null,"comercial_normalizado_max":null,"comercial_normalizado_min":null,"envejecimiento_normalizado":null,"envejecimiento_normalizado_max":null,"envejecimiento_normalizado_min":null,"saldo_vegetativo_normalizado":null,"saldo_vegetativo_normalizado_max":null,"saldo_vegetativo_normalizado_min":null,"restauracion_normalizado":null,"restauracion_normalizado_max":null,"restauracion_normalizado_min":null,"censo_total":151,"percen_participacion":85,"primer_partido_percent":52,"primer_partido_name":"PP","segundo_partido_percent":43,"segundo_partido_name":"TC-PNC","tercer_partido_percent":0,"tercer_partido_name":"IZ","otros_partido_percent":4},"2002":{"inmigracion_normalizado":"-100.0","inmigracion_normalizado_max":"112241.4682","inmigracion_normalizado_min":"-100.0","secundaria_acabada":null,"secundaria_acabada_max":null,"secundaria_acabada_min":null,"pib_normalizado":null,"pib_normalizado_max":null,"pib_normalizado_min":null,"salario_medio_normalizado":null,"salario_medio_normalizado_max":null,"salario_medio_normalizado_min":null,"penetracion_internet":null,"penetracion_internet_max":null,"penetracion_internet_min":null,"lineas_adsl":null,"lineas_adsl_max":null,"lineas_adsl_min":null,"paro_normalizado":null,"paro_normalizado_max":"7.9223076919999995","paro_normalizado_min":"-3.177692308","uso_regular_internet":null,"uso_regular_internet_max":null,"uso_regular_internet_min":null,"prensa_diaria":null,"prensa_diaria_max":null,"prensa_diaria_min":null,"audiencia_diaria_tv":null,"audiencia_diaria_tv_max":null,"audiencia_diaria_tv_min":null,"actividad_economica_normalizado":null,"actividad_economica_normalizado_max":null,"actividad_economica_normalizado_min":null,"edad_media_normalizada":"0.664455278","edad_media_normalizada_max":"28.88906304","edad_media_normalizada_min":"-17.55736553","comercial_normalizado":null,"comercial_normalizado_max":null,"comercial_normalizado_min":null,"envejecimiento_normalizado":null,"envejecimiento_normalizado_max":null,"envejecimiento_normalizado_min":null,"saldo_vegetativo_normalizado":null,"saldo_vegetativo_normalizado_max":null,"saldo_vegetativo_normalizado_min":null,"restauracion_normalizado":null,"restauracion_normalizado_max":null,"restauracion_normalizado_min":null,"censo_total":151,"percen_participacion":85,"primer_partido_percent":52,"primer_partido_name":"PP","segundo_partido_percent":43,"segundo_partido_name":"TC-PNC","tercer_partido_percent":0,"tercer_partido_name":"IZ","otros_partido_percent":4},"2003":{"inmigracion_normalizado":"-98.28139194","inmigracion_normalizado_max":"103191.5361","inmigracion_normalizado_min":"-100.0","secundaria_acabada":null,"secundaria_acabada_max":null,"secundaria_acabada_min":null,"pib_normalizado":null,"pib_normalizado_max":null,"pib_normalizado_min":null,"salario_medio_normalizado":null,"salario_medio_normalizado_max":null,"salario_medio_normalizado_min":null,"penetracion_internet":null,"penetracion_internet_max":null,"penetracion_internet_min":null,"lineas_adsl":null,"lineas_adsl_max":null,"lineas_adsl_min":null,"paro_normalizado":null,"paro_normalizado_max":"8.080892308000001","paro_normalizado_min":"-3.219107692","uso_regular_internet":null,"uso_regular_internet_max":null,"uso_regular_internet_min":null,"prensa_diaria":null,"prensa_diaria_max":null,"prensa_diaria_min":null,"audiencia_diaria_tv":null,"audiencia_diaria_tv_max":null,"audiencia_diaria_tv_min":null,"actividad_economica_normalizado":null,"actividad_economica_normalizado_max":null,"actividad_economica_normalizado_min":null,"edad_media_normalizada":"-0.272020817","edad_media_normalizada_max":"25.71648493","edad_media_normalizada_min":"-17.64065793","comercial_normalizado":null,"comercial_normalizado_max":null,"comercial_normalizado_min":null,"envejecimiento_normalizado":null,"envejecimiento_normalizado_max":null,"envejecimiento_normalizado_min":null,"saldo_vegetativo_normalizado":null,"saldo_vegetativo_normalizado_max":null,"saldo_vegetativo_normalizado_min":null,"restauracion_normalizado":null,"restauracion_normalizado_max":null,"restauracion_normalizado_min":null,"censo_total":150,"percen_participacion":86,"primer_partido_percent":66,"primer_partido_name":"PP","segundo_partido_percent":22,"segundo_partido_name":"PSOE","tercer_partido_percent":20,"tercer_partido_name":"TC-PNC","otros_partido_percent":-10},"2004":{"inmigracion_normalizado":"-98.24376267","inmigracion_normalizado_max":"100077.9728","inmigracion_normalizado_min":"-100.0","secundaria_acabada":null,"secundaria_acabada_max":null,"secundaria_acabada_min":null,"pib_normalizado":null,"pib_normalizado_max":null,"pib_normalizado_min":null,"salario_medio_normalizado":null,"salario_medio_normalizado_max":null,"salario_medio_normalizado_min":null,"penetracion_internet":null,"penetracion_internet_max":null,"penetracion_internet_min":null,"lineas_adsl":null,"lineas_adsl_max":null,"lineas_adsl_min":null,"paro_normalizado":null,"paro_normalizado_max":"10.0744","paro_normalizado_min":"-3.3256","uso_regular_internet":null,"uso_regular_internet_max":null,"uso_regular_internet_min":null,"prensa_diaria":null,"prensa_diaria_max":null,"prensa_diaria_min":null,"audiencia_diaria_tv":null,"audiencia_diaria_tv_max":null,"audiencia_diaria_tv_min":null,"actividad_economica_normalizado":null,"actividad_economica_normalizado_max":null,"actividad_economica_normalizado_min":null,"edad_media_normalizada":"-3.645750151","edad_media_normalizada_max":"25.92567842","edad_media_normalizada_min":"-19.37590888","comercial_normalizado":null,"comercial_normalizado_max":null,"comercial_normalizado_min":null,"envejecimiento_normalizado":null,"envejecimiento_normalizado_max":null,"envejecimiento_normalizado_min":null,"saldo_vegetativo_normalizado":null,"saldo_vegetativo_normalizado_max":null,"saldo_vegetativo_normalizado_min":null,"restauracion_normalizado":null,"restauracion_normalizado_max":null,"restauracion_normalizado_min":null,"censo_total":150,"percen_participacion":86,"primer_partido_percent":66,"primer_partido_name":"PP","segundo_partido_percent":22,"segundo_partido_name":"PSOE","tercer_partido_percent":20,"tercer_partido_name":"TC-PNC","otros_partido_percent":-10},"2005":{"inmigracion_normalizado":"-98.52277727","inmigracion_normalizado_max":"94489.8954","inmigracion_normalizado_min":"-100.0","secundaria_acabada":null,"secundaria_acabada_max":null,"secundaria_acabada_min":null,"pib_normalizado":null,"pib_normalizado_max":null,"pib_normalizado_min":null,"salario_medio_normalizado":null,"salario_medio_normalizado_max":null,"salario_medio_normalizado_min":null,"penetracion_internet":null,"penetracion_internet_max":null,"penetracion_internet_min":null,"lineas_adsl":null,"lineas_adsl_max":null,"lineas_adsl_min":null,"paro_normalizado":null,"paro_normalizado_max":"9.637938462","paro_normalizado_min":"-4.062061538","uso_regular_internet":null,"uso_regular_internet_max":null,"uso_regular_internet_min":null,"prensa_diaria":null,"prensa_diaria_max":null,"prensa_diaria_min":null,"audiencia_diaria_tv":null,"audiencia_diaria_tv_max":null,"audiencia_diaria_tv_min":null,"actividad_economica_normalizado":null,"actividad_economica_normalizado_max":null,"actividad_economica_normalizado_min":null,"edad_media_normalizada":"-3.139977163","edad_media_normalizada_max":"27.80099803","edad_media_normalizada_min":"-17.83392261","comercial_normalizado":null,"comercial_normalizado_max":null,"comercial_normalizado_min":null,"envejecimiento_normalizado":null,"envejecimiento_normalizado_max":null,"envejecimiento_normalizado_min":null,"saldo_vegetativo_normalizado":null,"saldo_vegetativo_normalizado_max":null,"saldo_vegetativo_normalizado_min":null,"restauracion_normalizado":null,"restauracion_normalizado_max":null,"restauracion_normalizado_min":null,"censo_total":150,"percen_participacion":86,"primer_partido_percent":66,"primer_partido_name":"PP","segundo_partido_percent":22,"segundo_partido_name":"PSOE","tercer_partido_percent":20,"tercer_partido_name":"TC-PNC","otros_partido_percent":-10},"2006":{"inmigracion_normalizado":"-98.65884519","inmigracion_normalizado_max":"85556.037","inmigracion_normalizado_min":"-100.0","secundaria_acabada":null,"secundaria_acabada_max":null,"secundaria_acabada_min":null,"pib_normalizado":null,"pib_normalizado_max":null,"pib_normalizado_min":null,"salario_medio_normalizado":null,"salario_medio_normalizado_max":null,"salario_medio_normalizado_min":null,"penetracion_internet":null,"penetracion_internet_max":null,"penetracion_internet_min":null,"lineas_adsl":null,"lineas_adsl_max":null,"lineas_adsl_min":null,"paro_normalizado":null,"paro_normalizado_max":"10.105323077","paro_normalizado_min":"-3.594676923","uso_regular_internet":null,"uso_regular_internet_max":null,"uso_regular_internet_min":null,"prensa_diaria":null,"prensa_diaria_max":null,"prensa_diaria_min":null,"audiencia_diaria_tv":null,"audiencia_diaria_tv_max":null,"audiencia_diaria_tv_min":null,"actividad_economica_normalizado":null,"actividad_economica_normalizado_max":null,"actividad_economica_normalizado_min":null,"edad_media_normalizada":"-3.85417004","edad_media_normalizada_max":"24.26660291","edad_media_normalizada_min":"-17.61473056","comercial_normalizado":null,"comercial_normalizado_max":null,"comercial_normalizado_min":null,"envejecimiento_normalizado":null,"envejecimiento_normalizado_max":null,"envejecimiento_normalizado_min":null,"saldo_vegetativo_normalizado":null,"saldo_vegetativo_normalizado_max":null,"saldo_vegetativo_normalizado_min":null,"restauracion_normalizado":null,"restauracion_normalizado_max":null,"restauracion_normalizado_min":null,"censo_total":150,"percen_participacion":86,"primer_partido_percent":66,"primer_partido_name":"PP","segundo_partido_percent":22,"segundo_partido_name":"PSOE","tercer_partido_percent":20,"tercer_partido_name":"TC-PNC","otros_partido_percent":-10},"2007":{"inmigracion_normalizado":"-97.06458656","inmigracion_normalizado_max":"85077.20071","inmigracion_normalizado_min":"-100.0","secundaria_acabada":null,"secundaria_acabada_max":null,"secundaria_acabada_min":null,"pib_normalizado":null,"pib_normalizado_max":null,"pib_normalizado_min":null,"salario_medio_normalizado":null,"salario_medio_normalizado_max":null,"salario_medio_normalizado_min":null,"penetracion_internet":null,"penetracion_internet_max":null,"penetracion_internet_min":null,"lineas_adsl":null,"lineas_adsl_max":null,"lineas_adsl_min":null,"paro_normalizado":null,"paro_normalizado_max":"11.595509074","paro_normalizado_min":"-3.404490926","uso_regular_internet":null,"uso_regular_internet_max":null,"uso_regular_internet_min":null,"prensa_diaria":null,"prensa_diaria_max":null,"prensa_diaria_min":null,"audiencia_diaria_tv":null,"audiencia_diaria_tv_max":null,"audiencia_diaria_tv_min":null,"actividad_economica_normalizado":null,"actividad_economica_normalizado_max":null,"actividad_economica_normalizado_min":null,"edad_media_normalizada":"-3.85417004","edad_media_normalizada_max":"24.26660291","edad_media_normalizada_min":"-17.61473056","comercial_normalizado":null,"comercial_normalizado_max":null,"comercial_normalizado_min":null,"envejecimiento_normalizado":null,"envejecimiento_normalizado_max":null,"envejecimiento_normalizado_min":null,"saldo_vegetativo_normalizado":null,"saldo_vegetativo_normalizado_max":null,"saldo_vegetativo_normalizado_min":null,"restauracion_normalizado":null,"restauracion_normalizado_max":null,"restauracion_normalizado_min":null,"censo_total":161,"percen_participacion":81,"primer_partido_percent":45,"primer_partido_name":"PP","segundo_partido_percent":43,"segundo_partido_name":"A-MONTOIRO","tercer_partido_percent":3,"tercer_partido_name":"T.C.","otros_partido_percent":7},"2008":{"inmigracion_normalizado":"-98.12114362","inmigracion_normalizado_max":"85210.14498","inmigracion_normalizado_min":"-100.0","secundaria_acabada":null,"secundaria_acabada_max":null,"secundaria_acabada_min":null,"pib_normalizado":null,"pib_normalizado_max":null,"pib_normalizado_min":null,"salario_medio_normalizado":null,"salario_medio_normalizado_max":null,"salario_medio_normalizado_min":null,"penetracion_internet":null,"penetracion_internet_max":null,"penetracion_internet_min":null,"lineas_adsl":null,"lineas_adsl_max":null,"lineas_adsl_min":null,"paro_normalizado":null,"paro_normalizado_max":"12.53800738","paro_normalizado_min":"-3.96199262","uso_regular_internet":null,"uso_regular_internet_max":null,"uso_regular_internet_min":null,"prensa_diaria":null,"prensa_diaria_max":null,"prensa_diaria_min":null,"audiencia_diaria_tv":null,"audiencia_diaria_tv_max":null,"audiencia_diaria_tv_min":null,"actividad_economica_normalizado":null,"actividad_economica_normalizado_max":null,"actividad_economica_normalizado_min":null,"edad_media_normalizada":"-1.660306514","edad_media_normalizada_max":"24.24832802","edad_media_normalizada_min":"-17.25342415","comercial_normalizado":null,"comercial_normalizado_max":null,"comercial_normalizado_min":null,"envejecimiento_normalizado":null,"envejecimiento_normalizado_max":null,"envejecimiento_normalizado_min":null,"saldo_vegetativo_normalizado":null,"saldo_vegetativo_normalizado_max":null,"saldo_vegetativo_normalizado_min":null,"restauracion_normalizado":null,"restauracion_normalizado_max":null,"restauracion_normalizado_min":null,"censo_total":161,"percen_participacion":81,"primer_partido_percent":45,"primer_partido_name":"PP","segundo_partido_percent":43,"segundo_partido_name":"A-MONTOIRO","tercer_partido_percent":3,"tercer_partido_name":"T.C.","otros_partido_percent":7},"2009":{"inmigracion_normalizado":"-94.48016309","inmigracion_normalizado_max":"84927.94417","inmigracion_normalizado_min":"-100.0","secundaria_acabada":null,"secundaria_acabada_max":null,"secundaria_acabada_min":null,"pib_normalizado":null,"pib_normalizado_max":null,"pib_normalizado_min":null,"salario_medio_normalizado":null,"salario_medio_normalizado_max":null,"salario_medio_normalizado_min":null,"penetracion_internet":null,"penetracion_internet_max":null,"penetracion_internet_min":null,"lineas_adsl":null,"lineas_adsl_max":null,"lineas_adsl_min":null,"paro_normalizado":null,"paro_normalizado_max":"14.781119311000001","paro_normalizado_min":"-5.718880689000001","uso_regular_internet":null,"uso_regular_internet_max":null,"uso_regular_internet_min":null,"prensa_diaria":null,"prensa_diaria_max":null,"prensa_diaria_min":null,"audiencia_diaria_tv":null,"audiencia_diaria_tv_max":null,"audiencia_diaria_tv_min":null,"actividad_economica_normalizado":null,"actividad_economica_normalizado_max":"10555.20486004","actividad_economica_normalizado_min":"-29.79513996","edad_media_normalizada":"-3.284452164","edad_media_normalizada_max":"24.51554784","edad_media_normalizada_min":"-16.94243614","comercial_normalizado":null,"comercial_normalizado_max":"8141.6573362","comercial_normalizado_min":"-30.3426638","envejecimiento_normalizado":null,"envejecimiento_normalizado_max":null,"envejecimiento_normalizado_min":null,"saldo_vegetativo_normalizado":null,"saldo_vegetativo_normalizado_max":null,"saldo_vegetativo_normalizado_min":null,"restauracion_normalizado":null,"restauracion_normalizado_max":"9479.74100277","restauracion_normalizado_min":"-30.25899723","censo_total":161,"percen_participacion":81,"primer_partido_percent":45,"primer_partido_name":"PP","segundo_partido_percent":43,"segundo_partido_name":"A-MONTOIRO","tercer_partido_percent":3,"tercer_partido_name":"T.C.","otros_partido_percent":7},"2010":{"inmigracion_normalizado":"-95.08553748","inmigracion_normalizado_max":"84931.01341","inmigracion_normalizado_min":"-100.0","secundaria_acabada":null,"secundaria_acabada_max":null,"secundaria_acabada_min":null,"pib_normalizado":null,"pib_normalizado_max":null,"pib_normalizado_min":null,"salario_medio_normalizado":null,"salario_medio_normalizado_max":null,"salario_medio_normalizado_min":null,"penetracion_internet":null,"penetracion_internet_max":null,"penetracion_internet_min":null,"lineas_adsl":null,"lineas_adsl_max":null,"lineas_adsl_min":null,"paro_normalizado":null,"paro_normalizado_max":null,"paro_normalizado_min":null,"uso_regular_internet":null,"uso_regular_internet_max":null,"uso_regular_internet_min":null,"prensa_diaria":null,"prensa_diaria_max":null,"prensa_diaria_min":null,"audiencia_diaria_tv":null,"audiencia_diaria_tv_max":null,"audiencia_diaria_tv_min":null,"actividad_economica_normalizado":null,"actividad_economica_normalizado_max":null,"actividad_economica_normalizado_min":null,"edad_media_normalizada":"-5.855827681220546","edad_media_normalizada_max":"55.63262380018611","edad_media_normalizada_min":"-35.80024281912941","comercial_normalizado":null,"comercial_normalizado_max":null,"comercial_normalizado_min":null,"envejecimiento_normalizado":null,"envejecimiento_normalizado_max":null,"envejecimiento_normalizado_min":null,"saldo_vegetativo_normalizado":null,"saldo_vegetativo_normalizado_max":null,"saldo_vegetativo_normalizado_min":null,"restauracion_normalizado":null,"restauracion_normalizado_max":null,"restauracion_normalizado_min":null,"censo_total":161,"percen_participacion":81,"primer_partido_percent":45,"primer_partido_name":"PP","segundo_partido_percent":43,"segundo_partido_name":"A-MONTOIRO","tercer_partido_percent":3,"tercer_partido_name":"T.C.","otros_partido_percent":7},"2011":{"inmigracion_normalizado":null,"inmigracion_normalizado_max":null,"inmigracion_normalizado_min":null,"secundaria_acabada":null,"secundaria_acabada_max":null,"secundaria_acabada_min":null,"pib_normalizado":null,"pib_normalizado_max":null,"pib_normalizado_min":null,"salario_medio_normalizado":null,"salario_medio_normalizado_max":null,"salario_medio_normalizado_min":null,"penetracion_internet":null,"penetracion_internet_max":null,"penetracion_internet_min":null,"lineas_adsl":null,"lineas_adsl_max":null,"lineas_adsl_min":null,"paro_normalizado":null,"paro_normalizado_max":null,"paro_normalizado_min":null,"uso_regular_internet":null,"uso_regular_internet_max":null,"uso_regular_internet_min":null,"prensa_diaria":null,"prensa_diaria_max":null,"prensa_diaria_min":null,"audiencia_diaria_tv":null,"audiencia_diaria_tv_max":null,"audiencia_diaria_tv_min":null,"actividad_economica_normalizado":null,"actividad_economica_normalizado_max":null,"actividad_economica_normalizado_min":null,"edad_media_normalizada":null,"edad_media_normalizada_max":null,"edad_media_normalizada_min":null,"comercial_normalizado":null,"comercial_normalizado_max":null,"comercial_normalizado_min":null,"envejecimiento_normalizado":null,"envejecimiento_normalizado_max":null,"envejecimiento_normalizado_min":null,"saldo_vegetativo_normalizado":null,"saldo_vegetativo_normalizado_max":null,"saldo_vegetativo_normalizado_min":null,"restauracion_normalizado":null,"restauracion_normalizado_max":null,"restauracion_normalizado_min":null,"censo_total":161,"percen_participacion":81,"primer_partido_percent":45,"primer_partido_name":"PP","segundo_partido_percent":43,"segundo_partido_name":"A-MONTOIRO","tercer_partido_percent":3,"tercer_partido_name":"T.C.","otros_partido_percent":7}}}]