[{"id":1674,"name":"Camuñas","center_longitude":-3.45902109999997,"center_latitude":39.4289599,"variables":{"inmigracion_normalizado":{"max_year":2010,"min_year":1999},"secundaria_acabada":{"max_year":2011,"min_year":2004},"pib_normalizado":{"max_year":2008,"min_year":1999},"salario_medio_normalizado":{"max_year":2009,"min_year":1995},"penetracion_internet":{"max_year":2010,"min_year":2004},"lineas_adsl":{"max_year":2009,"min_year":2007},"paro_normalizado":{"max_year":2009,"min_year":1996},"uso_regular_internet":{"max_year":2010,"min_year":2003},"prensa_diaria":{"max_year":2009,"min_year":2000},"audiencia_diaria_tv":{"max_year":2009,"min_year":1997},"actividad_economica_normalizado":{"max_year":2009,"min_year":2009},"edad_media_normalizada":{"max_year":2010,"min_year":2000},"comercial_normalizado":{"max_year":2009,"min_year":2009},"envejecimiento_normalizado":{"max_year":2011,"min_year":1991},"saldo_vegetativo_normalizado":{"max_year":2009,"min_year":1975},"restauracion_normalizado":{"max_year":2009,"min_year":2009}},"provincia":"Toledo","data":{"1975":{"inmigracion_normalizado":null,"inmigracion_normalizado_max":null,"inmigracion_normalizado_min":null,"secundaria_acabada":null,"secundaria_acabada_max":null,"secundaria_acabada_min":null,"pib_normalizado":null,"pib_normalizado_max":null,"pib_normalizado_min":null,"salario_medio_normalizado":null,"salario_medio_normalizado_max":null,"salario_medio_normalizado_min":null,"penetracion_internet":null,"penetracion_internet_max":null,"penetracion_internet_min":null,"lineas_adsl":null,"lineas_adsl_max":null,"lineas_adsl_min":null,"paro_normalizado":null,"paro_normalizado_max":null,"paro_normalizado_min":null,"uso_regular_internet":null,"uso_regular_internet_max":null,"uso_regular_internet_min":null,"prensa_diaria":null,"prensa_diaria_max":null,"prensa_diaria_min":null,"audiencia_diaria_tv":null,"audiencia_diaria_tv_max":null,"audiencia_diaria_tv_min":null,"actividad_economica_normalizado":null,"actividad_economica_normalizado_max":null,"actividad_economica_normalizado_min":null,"edad_media_normalizada":null,"edad_media_normalizada_max":null,"edad_media_normalizada_min":null,"comercial_normalizado":null,"comercial_normalizado_max":null,"comercial_normalizado_min":null,"envejecimiento_normalizado":null,"envejecimiento_normalizado_max":null,"envejecimiento_normalizado_min":null,"saldo_vegetativo_normalizado":null,"saldo_vegetativo_normalizado_max":null,"saldo_vegetativo_normalizado_min":null,"restauracion_normalizado":null,"restauracion_normalizado_max":null,"restauracion_normalizado_min":null},"1976":{"inmigracion_normalizado":null,"inmigracion_normalizado_max":null,"inmigracion_normalizado_min":null,"secundaria_acabada":null,"secundaria_acabada_max":null,"secundaria_acabada_min":null,"pib_normalizado":null,"pib_normalizado_max":null,"pib_normalizado_min":null,"salario_medio_normalizado":null,"salario_medio_normalizado_max":null,"salario_medio_normalizado_min":null,"penetracion_internet":null,"penetracion_internet_max":null,"penetracion_internet_min":null,"lineas_adsl":null,"lineas_adsl_max":null,"lineas_adsl_min":null,"paro_normalizado":null,"paro_normalizado_max":null,"paro_normalizado_min":null,"uso_regular_internet":null,"uso_regular_internet_max":null,"uso_regular_internet_min":null,"prensa_diaria":null,"prensa_diaria_max":null,"prensa_diaria_min":null,"audiencia_diaria_tv":null,"audiencia_diaria_tv_max":null,"audiencia_diaria_tv_min":null,"actividad_economica_normalizado":null,"actividad_economica_normalizado_max":null,"actividad_economica_normalizado_min":null,"edad_media_normalizada":null,"edad_media_normalizada_max":null,"edad_media_normalizada_min":null,"comercial_normalizado":null,"comercial_normalizado_max":null,"comercial_normalizado_min":null,"envejecimiento_normalizado":null,"envejecimiento_normalizado_max":null,"envejecimiento_normalizado_min":null,"saldo_vegetativo_normalizado":null,"saldo_vegetativo_normalizado_max":null,"saldo_vegetativo_normalizado_min":null,"restauracion_normalizado":null,"restauracion_normalizado_max":null,"restauracion_normalizado_min":null},"1977":{"inmigracion_normalizado":null,"inmigracion_normalizado_max":null,"inmigracion_normalizado_min":null,"secundaria_acabada":null,"secundaria_acabada_max":null,"secundaria_acabada_min":null,"pib_normalizado":null,"pib_normalizado_max":null,"pib_normalizado_min":null,"salario_medio_normalizado":null,"salario_medio_normalizado_max":null,"salario_medio_normalizado_min":null,"penetracion_internet":null,"penetracion_internet_max":null,"penetracion_internet_min":null,"lineas_adsl":null,"lineas_adsl_max":null,"lineas_adsl_min":null,"paro_normalizado":null,"paro_normalizado_max":null,"paro_normalizado_min":null,"uso_regular_internet":null,"uso_regular_internet_max":null,"uso_regular_internet_min":null,"prensa_diaria":null,"prensa_diaria_max":null,"prensa_diaria_min":null,"audiencia_diaria_tv":null,"audiencia_diaria_tv_max":null,"audiencia_diaria_tv_min":null,"actividad_economica_normalizado":null,"actividad_economica_normalizado_max":null,"actividad_economica_normalizado_min":null,"edad_media_normalizada":null,"edad_media_normalizada_max":null,"edad_media_normalizada_min":null,"comercial_normalizado":null,"comercial_normalizado_max":null,"comercial_normalizado_min":null,"envejecimiento_normalizado":null,"envejecimiento_normalizado_max":null,"envejecimiento_normalizado_min":null,"saldo_vegetativo_normalizado":null,"saldo_vegetativo_normalizado_max":null,"saldo_vegetativo_normalizado_min":null,"restauracion_normalizado":null,"restauracion_normalizado_max":null,"restauracion_normalizado_min":null},"1978":{"inmigracion_normalizado":null,"inmigracion_normalizado_max":null,"inmigracion_normalizado_min":null,"secundaria_acabada":null,"secundaria_acabada_max":null,"secundaria_acabada_min":null,"pib_normalizado":null,"pib_normalizado_max":null,"pib_normalizado_min":null,"salario_medio_normalizado":null,"salario_medio_normalizado_max":null,"salario_medio_normalizado_min":null,"penetracion_internet":null,"penetracion_internet_max":null,"penetracion_internet_min":null,"lineas_adsl":null,"lineas_adsl_max":null,"lineas_adsl_min":null,"paro_normalizado":null,"paro_normalizado_max":null,"paro_normalizado_min":null,"uso_regular_internet":null,"uso_regular_internet_max":null,"uso_regular_internet_min":null,"prensa_diaria":null,"prensa_diaria_max":null,"prensa_diaria_min":null,"audiencia_diaria_tv":null,"audiencia_diaria_tv_max":null,"audiencia_diaria_tv_min":null,"actividad_economica_normalizado":null,"actividad_economica_normalizado_max":null,"actividad_economica_normalizado_min":null,"edad_media_normalizada":null,"edad_media_normalizada_max":null,"edad_media_normalizada_min":null,"comercial_normalizado":null,"comercial_normalizado_max":null,"comercial_normalizado_min":null,"envejecimiento_normalizado":null,"envejecimiento_normalizado_max":null,"envejecimiento_normalizado_min":null,"saldo_vegetativo_normalizado":null,"saldo_vegetativo_normalizado_max":null,"saldo_vegetativo_normalizado_min":null,"restauracion_normalizado":null,"restauracion_normalizado_max":null,"restauracion_normalizado_min":null},"1979":{"inmigracion_normalizado":null,"inmigracion_normalizado_max":null,"inmigracion_normalizado_min":null,"secundaria_acabada":null,"secundaria_acabada_max":null,"secundaria_acabada_min":null,"pib_normalizado":null,"pib_normalizado_max":null,"pib_normalizado_min":null,"salario_medio_normalizado":null,"salario_medio_normalizado_max":null,"salario_medio_normalizado_min":null,"penetracion_internet":null,"penetracion_internet_max":null,"penetracion_internet_min":null,"lineas_adsl":null,"lineas_adsl_max":null,"lineas_adsl_min":null,"paro_normalizado":null,"paro_normalizado_max":null,"paro_normalizado_min":null,"uso_regular_internet":null,"uso_regular_internet_max":null,"uso_regular_internet_min":null,"prensa_diaria":null,"prensa_diaria_max":null,"prensa_diaria_min":null,"audiencia_diaria_tv":null,"audiencia_diaria_tv_max":null,"audiencia_diaria_tv_min":null,"actividad_economica_normalizado":null,"actividad_economica_normalizado_max":null,"actividad_economica_normalizado_min":null,"edad_media_normalizada":null,"edad_media_normalizada_max":null,"edad_media_normalizada_min":null,"comercial_normalizado":null,"comercial_normalizado_max":null,"comercial_normalizado_min":null,"envejecimiento_normalizado":null,"envejecimiento_normalizado_max":null,"envejecimiento_normalizado_min":null,"saldo_vegetativo_normalizado":null,"saldo_vegetativo_normalizado_max":null,"saldo_vegetativo_normalizado_min":null,"restauracion_normalizado":null,"restauracion_normalizado_max":null,"restauracion_normalizado_min":null},"1980":{"inmigracion_normalizado":null,"inmigracion_normalizado_max":null,"inmigracion_normalizado_min":null,"secundaria_acabada":null,"secundaria_acabada_max":null,"secundaria_acabada_min":null,"pib_normalizado":null,"pib_normalizado_max":null,"pib_normalizado_min":null,"salario_medio_normalizado":null,"salario_medio_normalizado_max":null,"salario_medio_normalizado_min":null,"penetracion_internet":null,"penetracion_internet_max":null,"penetracion_internet_min":null,"lineas_adsl":null,"lineas_adsl_max":null,"lineas_adsl_min":null,"paro_normalizado":null,"paro_normalizado_max":null,"paro_normalizado_min":null,"uso_regular_internet":null,"uso_regular_internet_max":null,"uso_regular_internet_min":null,"prensa_diaria":null,"prensa_diaria_max":null,"prensa_diaria_min":null,"audiencia_diaria_tv":null,"audiencia_diaria_tv_max":null,"audiencia_diaria_tv_min":null,"actividad_economica_normalizado":null,"actividad_economica_normalizado_max":null,"actividad_economica_normalizado_min":null,"edad_media_normalizada":null,"edad_media_normalizada_max":null,"edad_media_normalizada_min":null,"comercial_normalizado":null,"comercial_normalizado_max":null,"comercial_normalizado_min":null,"envejecimiento_normalizado":null,"envejecimiento_normalizado_max":null,"envejecimiento_normalizado_min":null,"saldo_vegetativo_normalizado":null,"saldo_vegetativo_normalizado_max":null,"saldo_vegetativo_normalizado_min":null,"restauracion_normalizado":null,"restauracion_normalizado_max":null,"restauracion_normalizado_min":null},"1981":{"inmigracion_normalizado":null,"inmigracion_normalizado_max":null,"inmigracion_normalizado_min":null,"secundaria_acabada":null,"secundaria_acabada_max":null,"secundaria_acabada_min":null,"pib_normalizado":null,"pib_normalizado_max":null,"pib_normalizado_min":null,"salario_medio_normalizado":null,"salario_medio_normalizado_max":null,"salario_medio_normalizado_min":null,"penetracion_internet":null,"penetracion_internet_max":null,"penetracion_internet_min":null,"lineas_adsl":null,"lineas_adsl_max":null,"lineas_adsl_min":null,"paro_normalizado":null,"paro_normalizado_max":null,"paro_normalizado_min":null,"uso_regular_internet":null,"uso_regular_internet_max":null,"uso_regular_internet_min":null,"prensa_diaria":null,"prensa_diaria_max":null,"prensa_diaria_min":null,"audiencia_diaria_tv":null,"audiencia_diaria_tv_max":null,"audiencia_diaria_tv_min":null,"actividad_economica_normalizado":null,"actividad_economica_normalizado_max":null,"actividad_economica_normalizado_min":null,"edad_media_normalizada":null,"edad_media_normalizada_max":null,"edad_media_normalizada_min":null,"comercial_normalizado":null,"comercial_normalizado_max":null,"comercial_normalizado_min":null,"envejecimiento_normalizado":null,"envejecimiento_normalizado_max":null,"envejecimiento_normalizado_min":null,"saldo_vegetativo_normalizado":null,"saldo_vegetativo_normalizado_max":null,"saldo_vegetativo_normalizado_min":null,"restauracion_normalizado":null,"restauracion_normalizado_max":null,"restauracion_normalizado_min":null},"1982":{"inmigracion_normalizado":null,"inmigracion_normalizado_max":null,"inmigracion_normalizado_min":null,"secundaria_acabada":null,"secundaria_acabada_max":null,"secundaria_acabada_min":null,"pib_normalizado":null,"pib_normalizado_max":null,"pib_normalizado_min":null,"salario_medio_normalizado":null,"salario_medio_normalizado_max":null,"salario_medio_normalizado_min":null,"penetracion_internet":null,"penetracion_internet_max":null,"penetracion_internet_min":null,"lineas_adsl":null,"lineas_adsl_max":null,"lineas_adsl_min":null,"paro_normalizado":null,"paro_normalizado_max":null,"paro_normalizado_min":null,"uso_regular_internet":null,"uso_regular_internet_max":null,"uso_regular_internet_min":null,"prensa_diaria":null,"prensa_diaria_max":null,"prensa_diaria_min":null,"audiencia_diaria_tv":null,"audiencia_diaria_tv_max":null,"audiencia_diaria_tv_min":null,"actividad_economica_normalizado":null,"actividad_economica_normalizado_max":null,"actividad_economica_normalizado_min":null,"edad_media_normalizada":null,"edad_media_normalizada_max":null,"edad_media_normalizada_min":null,"comercial_normalizado":null,"comercial_normalizado_max":null,"comercial_normalizado_min":null,"envejecimiento_normalizado":null,"envejecimiento_normalizado_max":null,"envejecimiento_normalizado_min":null,"saldo_vegetativo_normalizado":null,"saldo_vegetativo_normalizado_max":null,"saldo_vegetativo_normalizado_min":null,"restauracion_normalizado":null,"restauracion_normalizado_max":null,"restauracion_normalizado_min":null},"1983":{"inmigracion_normalizado":null,"inmigracion_normalizado_max":null,"inmigracion_normalizado_min":null,"secundaria_acabada":null,"secundaria_acabada_max":null,"secundaria_acabada_min":null,"pib_normalizado":null,"pib_normalizado_max":null,"pib_normalizado_min":null,"salario_medio_normalizado":null,"salario_medio_normalizado_max":null,"salario_medio_normalizado_min":null,"penetracion_internet":null,"penetracion_internet_max":null,"penetracion_internet_min":null,"lineas_adsl":null,"lineas_adsl_max":null,"lineas_adsl_min":null,"paro_normalizado":null,"paro_normalizado_max":null,"paro_normalizado_min":null,"uso_regular_internet":null,"uso_regular_internet_max":null,"uso_regular_internet_min":null,"prensa_diaria":null,"prensa_diaria_max":null,"prensa_diaria_min":null,"audiencia_diaria_tv":null,"audiencia_diaria_tv_max":null,"audiencia_diaria_tv_min":null,"actividad_economica_normalizado":null,"actividad_economica_normalizado_max":null,"actividad_economica_normalizado_min":null,"edad_media_normalizada":null,"edad_media_normalizada_max":null,"edad_media_normalizada_min":null,"comercial_normalizado":null,"comercial_normalizado_max":null,"comercial_normalizado_min":null,"envejecimiento_normalizado":null,"envejecimiento_normalizado_max":null,"envejecimiento_normalizado_min":null,"saldo_vegetativo_normalizado":null,"saldo_vegetativo_normalizado_max":null,"saldo_vegetativo_normalizado_min":null,"restauracion_normalizado":null,"restauracion_normalizado_max":null,"restauracion_normalizado_min":null},"1984":{"inmigracion_normalizado":null,"inmigracion_normalizado_max":null,"inmigracion_normalizado_min":null,"secundaria_acabada":null,"secundaria_acabada_max":null,"secundaria_acabada_min":null,"pib_normalizado":null,"pib_normalizado_max":null,"pib_normalizado_min":null,"salario_medio_normalizado":null,"salario_medio_normalizado_max":null,"salario_medio_normalizado_min":null,"penetracion_internet":null,"penetracion_internet_max":null,"penetracion_internet_min":null,"lineas_adsl":null,"lineas_adsl_max":null,"lineas_adsl_min":null,"paro_normalizado":null,"paro_normalizado_max":null,"paro_normalizado_min":null,"uso_regular_internet":null,"uso_regular_internet_max":null,"uso_regular_internet_min":null,"prensa_diaria":null,"prensa_diaria_max":null,"prensa_diaria_min":null,"audiencia_diaria_tv":null,"audiencia_diaria_tv_max":null,"audiencia_diaria_tv_min":null,"actividad_economica_normalizado":null,"actividad_economica_normalizado_max":null,"actividad_economica_normalizado_min":null,"edad_media_normalizada":null,"edad_media_normalizada_max":null,"edad_media_normalizada_min":null,"comercial_normalizado":null,"comercial_normalizado_max":null,"comercial_normalizado_min":null,"envejecimiento_normalizado":null,"envejecimiento_normalizado_max":null,"envejecimiento_normalizado_min":null,"saldo_vegetativo_normalizado":null,"saldo_vegetativo_normalizado_max":null,"saldo_vegetativo_normalizado_min":null,"restauracion_normalizado":null,"restauracion_normalizado_max":null,"restauracion_normalizado_min":null},"1985":{"inmigracion_normalizado":null,"inmigracion_normalizado_max":null,"inmigracion_normalizado_min":null,"secundaria_acabada":null,"secundaria_acabada_max":null,"secundaria_acabada_min":null,"pib_normalizado":null,"pib_normalizado_max":null,"pib_normalizado_min":null,"salario_medio_normalizado":null,"salario_medio_normalizado_max":null,"salario_medio_normalizado_min":null,"penetracion_internet":null,"penetracion_internet_max":null,"penetracion_internet_min":null,"lineas_adsl":null,"lineas_adsl_max":null,"lineas_adsl_min":null,"paro_normalizado":null,"paro_normalizado_max":null,"paro_normalizado_min":null,"uso_regular_internet":null,"uso_regular_internet_max":null,"uso_regular_internet_min":null,"prensa_diaria":null,"prensa_diaria_max":null,"prensa_diaria_min":null,"audiencia_diaria_tv":null,"audiencia_diaria_tv_max":null,"audiencia_diaria_tv_min":null,"actividad_economica_normalizado":null,"actividad_economica_normalizado_max":null,"actividad_economica_normalizado_min":null,"edad_media_normalizada":null,"edad_media_normalizada_max":null,"edad_media_normalizada_min":null,"comercial_normalizado":null,"comercial_normalizado_max":null,"comercial_normalizado_min":null,"envejecimiento_normalizado":null,"envejecimiento_normalizado_max":null,"envejecimiento_normalizado_min":null,"saldo_vegetativo_normalizado":null,"saldo_vegetativo_normalizado_max":null,"saldo_vegetativo_normalizado_min":null,"restauracion_normalizado":null,"restauracion_normalizado_max":null,"restauracion_normalizado_min":null},"1986":{"inmigracion_normalizado":null,"inmigracion_normalizado_max":null,"inmigracion_normalizado_min":null,"secundaria_acabada":null,"secundaria_acabada_max":null,"secundaria_acabada_min":null,"pib_normalizado":null,"pib_normalizado_max":null,"pib_normalizado_min":null,"salario_medio_normalizado":null,"salario_medio_normalizado_max":null,"salario_medio_normalizado_min":null,"penetracion_internet":null,"penetracion_internet_max":null,"penetracion_internet_min":null,"lineas_adsl":null,"lineas_adsl_max":null,"lineas_adsl_min":null,"paro_normalizado":null,"paro_normalizado_max":null,"paro_normalizado_min":null,"uso_regular_internet":null,"uso_regular_internet_max":null,"uso_regular_internet_min":null,"prensa_diaria":null,"prensa_diaria_max":null,"prensa_diaria_min":null,"audiencia_diaria_tv":null,"audiencia_diaria_tv_max":null,"audiencia_diaria_tv_min":null,"actividad_economica_normalizado":null,"actividad_economica_normalizado_max":null,"actividad_economica_normalizado_min":null,"edad_media_normalizada":null,"edad_media_normalizada_max":null,"edad_media_normalizada_min":null,"comercial_normalizado":null,"comercial_normalizado_max":null,"comercial_normalizado_min":null,"envejecimiento_normalizado":null,"envejecimiento_normalizado_max":null,"envejecimiento_normalizado_min":null,"saldo_vegetativo_normalizado":null,"saldo_vegetativo_normalizado_max":null,"saldo_vegetativo_normalizado_min":null,"restauracion_normalizado":null,"restauracion_normalizado_max":null,"restauracion_normalizado_min":null},"1987":{"inmigracion_normalizado":null,"inmigracion_normalizado_max":null,"inmigracion_normalizado_min":null,"secundaria_acabada":null,"secundaria_acabada_max":null,"secundaria_acabada_min":null,"pib_normalizado":null,"pib_normalizado_max":null,"pib_normalizado_min":null,"salario_medio_normalizado":null,"salario_medio_normalizado_max":null,"salario_medio_normalizado_min":null,"penetracion_internet":null,"penetracion_internet_max":null,"penetracion_internet_min":null,"lineas_adsl":null,"lineas_adsl_max":null,"lineas_adsl_min":null,"paro_normalizado":null,"paro_normalizado_max":null,"paro_normalizado_min":null,"uso_regular_internet":null,"uso_regular_internet_max":null,"uso_regular_internet_min":null,"prensa_diaria":null,"prensa_diaria_max":null,"prensa_diaria_min":null,"audiencia_diaria_tv":null,"audiencia_diaria_tv_max":null,"audiencia_diaria_tv_min":null,"actividad_economica_normalizado":null,"actividad_economica_normalizado_max":null,"actividad_economica_normalizado_min":null,"edad_media_normalizada":null,"edad_media_normalizada_max":null,"edad_media_normalizada_min":null,"comercial_normalizado":null,"comercial_normalizado_max":null,"comercial_normalizado_min":null,"envejecimiento_normalizado":null,"envejecimiento_normalizado_max":null,"envejecimiento_normalizado_min":null,"saldo_vegetativo_normalizado":null,"saldo_vegetativo_normalizado_max":null,"saldo_vegetativo_normalizado_min":null,"restauracion_normalizado":null,"restauracion_normalizado_max":null,"restauracion_normalizado_min":null,"censo_total":1473,"percen_participacion":78,"primer_partido_percent":49,"primer_partido_name":"AP","segundo_partido_percent":29,"segundo_partido_name":"PSOE","tercer_partido_percent":14,"tercer_partido_name":"IU","otros_partido_percent":6},"1988":{"inmigracion_normalizado":null,"inmigracion_normalizado_max":null,"inmigracion_normalizado_min":null,"secundaria_acabada":null,"secundaria_acabada_max":null,"secundaria_acabada_min":null,"pib_normalizado":null,"pib_normalizado_max":null,"pib_normalizado_min":null,"salario_medio_normalizado":null,"salario_medio_normalizado_max":null,"salario_medio_normalizado_min":null,"penetracion_internet":null,"penetracion_internet_max":null,"penetracion_internet_min":null,"lineas_adsl":null,"lineas_adsl_max":null,"lineas_adsl_min":null,"paro_normalizado":null,"paro_normalizado_max":null,"paro_normalizado_min":null,"uso_regular_internet":null,"uso_regular_internet_max":null,"uso_regular_internet_min":null,"prensa_diaria":null,"prensa_diaria_max":null,"prensa_diaria_min":null,"audiencia_diaria_tv":null,"audiencia_diaria_tv_max":null,"audiencia_diaria_tv_min":null,"actividad_economica_normalizado":null,"actividad_economica_normalizado_max":null,"actividad_economica_normalizado_min":null,"edad_media_normalizada":null,"edad_media_normalizada_max":null,"edad_media_normalizada_min":null,"comercial_normalizado":null,"comercial_normalizado_max":null,"comercial_normalizado_min":null,"envejecimiento_normalizado":null,"envejecimiento_normalizado_max":null,"envejecimiento_normalizado_min":null,"saldo_vegetativo_normalizado":null,"saldo_vegetativo_normalizado_max":null,"saldo_vegetativo_normalizado_min":null,"restauracion_normalizado":null,"restauracion_normalizado_max":null,"restauracion_normalizado_min":null,"censo_total":1473,"percen_participacion":78,"primer_partido_percent":49,"primer_partido_name":"AP","segundo_partido_percent":29,"segundo_partido_name":"PSOE","tercer_partido_percent":14,"tercer_partido_name":"IU","otros_partido_percent":6},"1989":{"inmigracion_normalizado":null,"inmigracion_normalizado_max":null,"inmigracion_normalizado_min":null,"secundaria_acabada":null,"secundaria_acabada_max":null,"secundaria_acabada_min":null,"pib_normalizado":null,"pib_normalizado_max":null,"pib_normalizado_min":null,"salario_medio_normalizado":null,"salario_medio_normalizado_max":null,"salario_medio_normalizado_min":null,"penetracion_internet":null,"penetracion_internet_max":null,"penetracion_internet_min":null,"lineas_adsl":null,"lineas_adsl_max":null,"lineas_adsl_min":null,"paro_normalizado":null,"paro_normalizado_max":null,"paro_normalizado_min":null,"uso_regular_internet":null,"uso_regular_internet_max":null,"uso_regular_internet_min":null,"prensa_diaria":null,"prensa_diaria_max":null,"prensa_diaria_min":null,"audiencia_diaria_tv":null,"audiencia_diaria_tv_max":null,"audiencia_diaria_tv_min":null,"actividad_economica_normalizado":null,"actividad_economica_normalizado_max":null,"actividad_economica_normalizado_min":null,"edad_media_normalizada":null,"edad_media_normalizada_max":null,"edad_media_normalizada_min":null,"comercial_normalizado":null,"comercial_normalizado_max":null,"comercial_normalizado_min":null,"envejecimiento_normalizado":null,"envejecimiento_normalizado_max":null,"envejecimiento_normalizado_min":null,"saldo_vegetativo_normalizado":null,"saldo_vegetativo_normalizado_max":null,"saldo_vegetativo_normalizado_min":null,"restauracion_normalizado":null,"restauracion_normalizado_max":null,"restauracion_normalizado_min":null,"censo_total":1473,"percen_participacion":78,"primer_partido_percent":49,"primer_partido_name":"AP","segundo_partido_percent":29,"segundo_partido_name":"PSOE","tercer_partido_percent":14,"tercer_partido_name":"IU","otros_partido_percent":6},"1990":{"inmigracion_normalizado":null,"inmigracion_normalizado_max":null,"inmigracion_normalizado_min":null,"secundaria_acabada":null,"secundaria_acabada_max":null,"secundaria_acabada_min":null,"pib_normalizado":null,"pib_normalizado_max":null,"pib_normalizado_min":null,"salario_medio_normalizado":null,"salario_medio_normalizado_max":null,"salario_medio_normalizado_min":null,"penetracion_internet":null,"penetracion_internet_max":null,"penetracion_internet_min":null,"lineas_adsl":null,"lineas_adsl_max":null,"lineas_adsl_min":null,"paro_normalizado":null,"paro_normalizado_max":null,"paro_normalizado_min":null,"uso_regular_internet":null,"uso_regular_internet_max":null,"uso_regular_internet_min":null,"prensa_diaria":null,"prensa_diaria_max":null,"prensa_diaria_min":null,"audiencia_diaria_tv":null,"audiencia_diaria_tv_max":null,"audiencia_diaria_tv_min":null,"actividad_economica_normalizado":null,"actividad_economica_normalizado_max":null,"actividad_economica_normalizado_min":null,"edad_media_normalizada":null,"edad_media_normalizada_max":null,"edad_media_normalizada_min":null,"comercial_normalizado":null,"comercial_normalizado_max":null,"comercial_normalizado_min":null,"envejecimiento_normalizado":null,"envejecimiento_normalizado_max":null,"envejecimiento_normalizado_min":null,"saldo_vegetativo_normalizado":null,"saldo_vegetativo_normalizado_max":null,"saldo_vegetativo_normalizado_min":null,"restauracion_normalizado":null,"restauracion_normalizado_max":null,"restauracion_normalizado_min":null,"censo_total":1473,"percen_participacion":78,"primer_partido_percent":49,"primer_partido_name":"AP","segundo_partido_percent":29,"segundo_partido_name":"PSOE","tercer_partido_percent":14,"tercer_partido_name":"IU","otros_partido_percent":6},"1991":{"inmigracion_normalizado":null,"inmigracion_normalizado_max":null,"inmigracion_normalizado_min":null,"secundaria_acabada":null,"secundaria_acabada_max":null,"secundaria_acabada_min":null,"pib_normalizado":null,"pib_normalizado_max":null,"pib_normalizado_min":null,"salario_medio_normalizado":null,"salario_medio_normalizado_max":null,"salario_medio_normalizado_min":null,"penetracion_internet":null,"penetracion_internet_max":null,"penetracion_internet_min":null,"lineas_adsl":null,"lineas_adsl_max":null,"lineas_adsl_min":null,"paro_normalizado":null,"paro_normalizado_max":null,"paro_normalizado_min":null,"uso_regular_internet":null,"uso_regular_internet_max":null,"uso_regular_internet_min":null,"prensa_diaria":null,"prensa_diaria_max":null,"prensa_diaria_min":null,"audiencia_diaria_tv":null,"audiencia_diaria_tv_max":null,"audiencia_diaria_tv_min":null,"actividad_economica_normalizado":null,"actividad_economica_normalizado_max":null,"actividad_economica_normalizado_min":null,"edad_media_normalizada":null,"edad_media_normalizada_max":null,"edad_media_normalizada_min":null,"comercial_normalizado":null,"comercial_normalizado_max":null,"comercial_normalizado_min":null,"envejecimiento_normalizado":null,"envejecimiento_normalizado_max":null,"envejecimiento_normalizado_min":null,"saldo_vegetativo_normalizado":null,"saldo_vegetativo_normalizado_max":null,"saldo_vegetativo_normalizado_min":null,"restauracion_normalizado":null,"restauracion_normalizado_max":null,"restauracion_normalizado_min":null,"censo_total":1473,"percen_participacion":78,"primer_partido_percent":49,"primer_partido_name":"AP","segundo_partido_percent":29,"segundo_partido_name":"PSOE","tercer_partido_percent":14,"tercer_partido_name":"IU","otros_partido_percent":6},"1992":{"inmigracion_normalizado":null,"inmigracion_normalizado_max":null,"inmigracion_normalizado_min":null,"secundaria_acabada":null,"secundaria_acabada_max":null,"secundaria_acabada_min":null,"pib_normalizado":null,"pib_normalizado_max":null,"pib_normalizado_min":null,"salario_medio_normalizado":null,"salario_medio_normalizado_max":null,"salario_medio_normalizado_min":null,"penetracion_internet":null,"penetracion_internet_max":null,"penetracion_internet_min":null,"lineas_adsl":null,"lineas_adsl_max":null,"lineas_adsl_min":null,"paro_normalizado":null,"paro_normalizado_max":null,"paro_normalizado_min":null,"uso_regular_internet":null,"uso_regular_internet_max":null,"uso_regular_internet_min":null,"prensa_diaria":null,"prensa_diaria_max":null,"prensa_diaria_min":null,"audiencia_diaria_tv":null,"audiencia_diaria_tv_max":null,"audiencia_diaria_tv_min":null,"actividad_economica_normalizado":null,"actividad_economica_normalizado_max":null,"actividad_economica_normalizado_min":null,"edad_media_normalizada":null,"edad_media_normalizada_max":null,"edad_media_normalizada_min":null,"comercial_normalizado":null,"comercial_normalizado_max":null,"comercial_normalizado_min":null,"envejecimiento_normalizado":null,"envejecimiento_normalizado_max":null,"envejecimiento_normalizado_min":null,"saldo_vegetativo_normalizado":null,"saldo_vegetativo_normalizado_max":null,"saldo_vegetativo_normalizado_min":null,"restauracion_normalizado":null,"restauracion_normalizado_max":null,"restauracion_normalizado_min":null,"censo_total":1473,"percen_participacion":78,"primer_partido_percent":49,"primer_partido_name":"AP","segundo_partido_percent":29,"segundo_partido_name":"PSOE","tercer_partido_percent":14,"tercer_partido_name":"IU","otros_partido_percent":6},"1993":{"inmigracion_normalizado":null,"inmigracion_normalizado_max":null,"inmigracion_normalizado_min":null,"secundaria_acabada":null,"secundaria_acabada_max":null,"secundaria_acabada_min":null,"pib_normalizado":null,"pib_normalizado_max":null,"pib_normalizado_min":null,"salario_medio_normalizado":null,"salario_medio_normalizado_max":null,"salario_medio_normalizado_min":null,"penetracion_internet":null,"penetracion_internet_max":null,"penetracion_internet_min":null,"lineas_adsl":null,"lineas_adsl_max":null,"lineas_adsl_min":null,"paro_normalizado":null,"paro_normalizado_max":null,"paro_normalizado_min":null,"uso_regular_internet":null,"uso_regular_internet_max":null,"uso_regular_internet_min":null,"prensa_diaria":null,"prensa_diaria_max":null,"prensa_diaria_min":null,"audiencia_diaria_tv":null,"audiencia_diaria_tv_max":null,"audiencia_diaria_tv_min":null,"actividad_economica_normalizado":null,"actividad_economica_normalizado_max":null,"actividad_economica_normalizado_min":null,"edad_media_normalizada":null,"edad_media_normalizada_max":null,"edad_media_normalizada_min":null,"comercial_normalizado":null,"comercial_normalizado_max":null,"comercial_normalizado_min":null,"envejecimiento_normalizado":null,"envejecimiento_normalizado_max":null,"envejecimiento_normalizado_min":null,"saldo_vegetativo_normalizado":null,"saldo_vegetativo_normalizado_max":null,"saldo_vegetativo_normalizado_min":null,"restauracion_normalizado":null,"restauracion_normalizado_max":null,"restauracion_normalizado_min":null,"censo_total":1473,"percen_participacion":78,"primer_partido_percent":49,"primer_partido_name":"AP","segundo_partido_percent":29,"segundo_partido_name":"PSOE","tercer_partido_percent":14,"tercer_partido_name":"IU","otros_partido_percent":6},"1994":{"inmigracion_normalizado":null,"inmigracion_normalizado_max":null,"inmigracion_normalizado_min":null,"secundaria_acabada":null,"secundaria_acabada_max":null,"secundaria_acabada_min":null,"pib_normalizado":null,"pib_normalizado_max":null,"pib_normalizado_min":null,"salario_medio_normalizado":null,"salario_medio_normalizado_max":null,"salario_medio_normalizado_min":null,"penetracion_internet":null,"penetracion_internet_max":null,"penetracion_internet_min":null,"lineas_adsl":null,"lineas_adsl_max":null,"lineas_adsl_min":null,"paro_normalizado":null,"paro_normalizado_max":null,"paro_normalizado_min":null,"uso_regular_internet":null,"uso_regular_internet_max":null,"uso_regular_internet_min":null,"prensa_diaria":null,"prensa_diaria_max":null,"prensa_diaria_min":null,"audiencia_diaria_tv":null,"audiencia_diaria_tv_max":null,"audiencia_diaria_tv_min":null,"actividad_economica_normalizado":null,"actividad_economica_normalizado_max":null,"actividad_economica_normalizado_min":null,"edad_media_normalizada":null,"edad_media_normalizada_max":null,"edad_media_normalizada_min":null,"comercial_normalizado":null,"comercial_normalizado_max":null,"comercial_normalizado_min":null,"envejecimiento_normalizado":null,"envejecimiento_normalizado_max":null,"envejecimiento_normalizado_min":null,"saldo_vegetativo_normalizado":null,"saldo_vegetativo_normalizado_max":null,"saldo_vegetativo_normalizado_min":null,"restauracion_normalizado":null,"restauracion_normalizado_max":null,"restauracion_normalizado_min":null,"censo_total":1473,"percen_participacion":78,"primer_partido_percent":49,"primer_partido_name":"AP","segundo_partido_percent":29,"segundo_partido_name":"PSOE","tercer_partido_percent":14,"tercer_partido_name":"IU","otros_partido_percent":6},"1995":{"inmigracion_normalizado":null,"inmigracion_normalizado_max":null,"inmigracion_normalizado_min":null,"secundaria_acabada":null,"secundaria_acabada_max":null,"secundaria_acabada_min":null,"pib_normalizado":null,"pib_normalizado_max":null,"pib_normalizado_min":null,"salario_medio_normalizado":null,"salario_medio_normalizado_max":null,"salario_medio_normalizado_min":null,"penetracion_internet":null,"penetracion_internet_max":null,"penetracion_internet_min":null,"lineas_adsl":null,"lineas_adsl_max":null,"lineas_adsl_min":null,"paro_normalizado":null,"paro_normalizado_max":null,"paro_normalizado_min":null,"uso_regular_internet":null,"uso_regular_internet_max":null,"uso_regular_internet_min":null,"prensa_diaria":null,"prensa_diaria_max":null,"prensa_diaria_min":null,"audiencia_diaria_tv":null,"audiencia_diaria_tv_max":null,"audiencia_diaria_tv_min":null,"actividad_economica_normalizado":null,"actividad_economica_normalizado_max":null,"actividad_economica_normalizado_min":null,"edad_media_normalizada":null,"edad_media_normalizada_max":null,"edad_media_normalizada_min":null,"comercial_normalizado":null,"comercial_normalizado_max":null,"comercial_normalizado_min":null,"envejecimiento_normalizado":null,"envejecimiento_normalizado_max":null,"envejecimiento_normalizado_min":null,"saldo_vegetativo_normalizado":null,"saldo_vegetativo_normalizado_max":null,"saldo_vegetativo_normalizado_min":null,"restauracion_normalizado":null,"restauracion_normalizado_max":null,"restauracion_normalizado_min":null,"censo_total":1453,"percen_participacion":84,"primer_partido_percent":41,"primer_partido_name":"PP","segundo_partido_percent":29,"segundo_partido_name":"PSOE","tercer_partido_percent":16,"tercer_partido_name":"UC","otros_partido_percent":12},"1996":{"inmigracion_normalizado":null,"inmigracion_normalizado_max":null,"inmigracion_normalizado_min":null,"secundaria_acabada":null,"secundaria_acabada_max":null,"secundaria_acabada_min":null,"pib_normalizado":null,"pib_normalizado_max":null,"pib_normalizado_min":null,"salario_medio_normalizado":null,"salario_medio_normalizado_max":null,"salario_medio_normalizado_min":null,"penetracion_internet":null,"penetracion_internet_max":null,"penetracion_internet_min":null,"lineas_adsl":null,"lineas_adsl_max":null,"lineas_adsl_min":null,"paro_normalizado":"-1.0074769230000005","paro_normalizado_max":"33.292523077","paro_normalizado_min":"-5.107476923","uso_regular_internet":null,"uso_regular_internet_max":null,"uso_regular_internet_min":null,"prensa_diaria":null,"prensa_diaria_max":null,"prensa_diaria_min":null,"audiencia_diaria_tv":null,"audiencia_diaria_tv_max":null,"audiencia_diaria_tv_min":null,"actividad_economica_normalizado":null,"actividad_economica_normalizado_max":null,"actividad_economica_normalizado_min":null,"edad_media_normalizada":null,"edad_media_normalizada_max":null,"edad_media_normalizada_min":null,"comercial_normalizado":null,"comercial_normalizado_max":null,"comercial_normalizado_min":null,"envejecimiento_normalizado":null,"envejecimiento_normalizado_max":null,"envejecimiento_normalizado_min":null,"saldo_vegetativo_normalizado":null,"saldo_vegetativo_normalizado_max":null,"saldo_vegetativo_normalizado_min":null,"restauracion_normalizado":null,"restauracion_normalizado_max":null,"restauracion_normalizado_min":null,"censo_total":1453,"percen_participacion":84,"primer_partido_percent":41,"primer_partido_name":"PP","segundo_partido_percent":29,"segundo_partido_name":"PSOE","tercer_partido_percent":16,"tercer_partido_name":"UC","otros_partido_percent":12},"1997":{"inmigracion_normalizado":null,"inmigracion_normalizado_max":null,"inmigracion_normalizado_min":null,"secundaria_acabada":null,"secundaria_acabada_max":null,"secundaria_acabada_min":null,"pib_normalizado":null,"pib_normalizado_max":null,"pib_normalizado_min":null,"salario_medio_normalizado":null,"salario_medio_normalizado_max":null,"salario_medio_normalizado_min":null,"penetracion_internet":null,"penetracion_internet_max":null,"penetracion_internet_min":null,"lineas_adsl":null,"lineas_adsl_max":null,"lineas_adsl_min":null,"paro_normalizado":"0.07230769200000076","paro_normalizado_max":"14.272307692000002","paro_normalizado_min":"-4.027692308","uso_regular_internet":null,"uso_regular_internet_max":null,"uso_regular_internet_min":null,"prensa_diaria":null,"prensa_diaria_max":null,"prensa_diaria_min":null,"audiencia_diaria_tv":null,"audiencia_diaria_tv_max":null,"audiencia_diaria_tv_min":null,"actividad_economica_normalizado":null,"actividad_economica_normalizado_max":null,"actividad_economica_normalizado_min":null,"edad_media_normalizada":null,"edad_media_normalizada_max":null,"edad_media_normalizada_min":null,"comercial_normalizado":null,"comercial_normalizado_max":null,"comercial_normalizado_min":null,"envejecimiento_normalizado":null,"envejecimiento_normalizado_max":null,"envejecimiento_normalizado_min":null,"saldo_vegetativo_normalizado":null,"saldo_vegetativo_normalizado_max":null,"saldo_vegetativo_normalizado_min":null,"restauracion_normalizado":null,"restauracion_normalizado_max":null,"restauracion_normalizado_min":null,"censo_total":1453,"percen_participacion":84,"primer_partido_percent":41,"primer_partido_name":"PP","segundo_partido_percent":29,"segundo_partido_name":"PSOE","tercer_partido_percent":16,"tercer_partido_name":"UC","otros_partido_percent":12},"1998":{"inmigracion_normalizado":null,"inmigracion_normalizado_max":null,"inmigracion_normalizado_min":null,"secundaria_acabada":null,"secundaria_acabada_max":null,"secundaria_acabada_min":null,"pib_normalizado":null,"pib_normalizado_max":null,"pib_normalizado_min":null,"salario_medio_normalizado":null,"salario_medio_normalizado_max":null,"salario_medio_normalizado_min":null,"penetracion_internet":null,"penetracion_internet_max":null,"penetracion_internet_min":null,"lineas_adsl":null,"lineas_adsl_max":null,"lineas_adsl_min":null,"paro_normalizado":"1.1331384619999998","paro_normalizado_max":"13.033138461999998","paro_normalizado_min":"-3.866861538","uso_regular_internet":null,"uso_regular_internet_max":null,"uso_regular_internet_min":null,"prensa_diaria":null,"prensa_diaria_max":null,"prensa_diaria_min":null,"audiencia_diaria_tv":null,"audiencia_diaria_tv_max":null,"audiencia_diaria_tv_min":null,"actividad_economica_normalizado":null,"actividad_economica_normalizado_max":null,"actividad_economica_normalizado_min":null,"edad_media_normalizada":null,"edad_media_normalizada_max":null,"edad_media_normalizada_min":null,"comercial_normalizado":null,"comercial_normalizado_max":null,"comercial_normalizado_min":null,"envejecimiento_normalizado":null,"envejecimiento_normalizado_max":null,"envejecimiento_normalizado_min":null,"saldo_vegetativo_normalizado":null,"saldo_vegetativo_normalizado_max":null,"saldo_vegetativo_normalizado_min":null,"restauracion_normalizado":null,"restauracion_normalizado_max":null,"restauracion_normalizado_min":null,"censo_total":1453,"percen_participacion":84,"primer_partido_percent":41,"primer_partido_name":"PP","segundo_partido_percent":29,"segundo_partido_name":"PSOE","tercer_partido_percent":16,"tercer_partido_name":"UC","otros_partido_percent":12},"1999":{"inmigracion_normalizado":"-90.50552314","inmigracion_normalizado_max":"53804.21417","inmigracion_normalizado_min":"-99.32182308","secundaria_acabada":null,"secundaria_acabada_max":null,"secundaria_acabada_min":null,"pib_normalizado":null,"pib_normalizado_max":null,"pib_normalizado_min":null,"salario_medio_normalizado":null,"salario_medio_normalizado_max":null,"salario_medio_normalizado_min":null,"penetracion_internet":null,"penetracion_internet_max":null,"penetracion_internet_min":null,"lineas_adsl":null,"lineas_adsl_max":null,"lineas_adsl_min":null,"paro_normalizado":"0.1718461539999998","paro_normalizado_max":"10.071846154","paro_normalizado_min":"-3.128153846","uso_regular_internet":null,"uso_regular_internet_max":null,"uso_regular_internet_min":null,"prensa_diaria":null,"prensa_diaria_max":null,"prensa_diaria_min":null,"audiencia_diaria_tv":null,"audiencia_diaria_tv_max":null,"audiencia_diaria_tv_min":null,"actividad_economica_normalizado":null,"actividad_economica_normalizado_max":null,"actividad_economica_normalizado_min":null,"edad_media_normalizada":null,"edad_media_normalizada_max":null,"edad_media_normalizada_min":null,"comercial_normalizado":null,"comercial_normalizado_max":null,"comercial_normalizado_min":null,"envejecimiento_normalizado":null,"envejecimiento_normalizado_max":null,"envejecimiento_normalizado_min":null,"saldo_vegetativo_normalizado":null,"saldo_vegetativo_normalizado_max":null,"saldo_vegetativo_normalizado_min":null,"restauracion_normalizado":null,"restauracion_normalizado_max":null,"restauracion_normalizado_min":null,"censo_total":1419,"percen_participacion":81,"primer_partido_percent":42,"primer_partido_name":"PP","segundo_partido_percent":39,"segundo_partido_name":"PSOE","tercer_partido_percent":9,"tercer_partido_name":"IU","otros_partido_percent":8},"2000":{"inmigracion_normalizado":"-88.7483481","inmigracion_normalizado_max":"58778.11781","inmigracion_normalizado_min":"-99.40780779","secundaria_acabada":null,"secundaria_acabada_max":null,"secundaria_acabada_min":null,"pib_normalizado":null,"pib_normalizado_max":null,"pib_normalizado_min":null,"salario_medio_normalizado":null,"salario_medio_normalizado_max":null,"salario_medio_normalizado_min":null,"penetracion_internet":null,"penetracion_internet_max":null,"penetracion_internet_min":null,"lineas_adsl":null,"lineas_adsl_max":null,"lineas_adsl_min":null,"paro_normalizado":"1.071507692","paro_normalizado_max":"11.371507692","paro_normalizado_min":"-3.128492308","uso_regular_internet":null,"uso_regular_internet_max":null,"uso_regular_internet_min":null,"prensa_diaria":null,"prensa_diaria_max":null,"prensa_diaria_min":null,"audiencia_diaria_tv":null,"audiencia_diaria_tv_max":null,"audiencia_diaria_tv_min":null,"actividad_economica_normalizado":null,"actividad_economica_normalizado_max":null,"actividad_economica_normalizado_min":null,"edad_media_normalizada":"-2.636769054","edad_media_normalizada_max":"33.77959596","edad_media_normalizada_min":"-16.87587738","comercial_normalizado":null,"comercial_normalizado_max":null,"comercial_normalizado_min":null,"envejecimiento_normalizado":null,"envejecimiento_normalizado_max":null,"envejecimiento_normalizado_min":null,"saldo_vegetativo_normalizado":null,"saldo_vegetativo_normalizado_max":null,"saldo_vegetativo_normalizado_min":null,"restauracion_normalizado":null,"restauracion_normalizado_max":null,"restauracion_normalizado_min":null,"censo_total":1419,"percen_participacion":81,"primer_partido_percent":42,"primer_partido_name":"PP","segundo_partido_percent":39,"segundo_partido_name":"PSOE","tercer_partido_percent":9,"tercer_partido_name":"IU","otros_partido_percent":8},"2001":{"inmigracion_normalizado":"-71.19823689","inmigracion_normalizado_max":"81369.1754","inmigracion_normalizado_min":"-99.57644466","secundaria_acabada":null,"secundaria_acabada_max":null,"secundaria_acabada_min":null,"pib_normalizado":null,"pib_normalizado_max":null,"pib_normalizado_min":null,"salario_medio_normalizado":null,"salario_medio_normalizado_max":null,"salario_medio_normalizado_min":null,"penetracion_internet":null,"penetracion_internet_max":null,"penetracion_internet_min":null,"lineas_adsl":null,"lineas_adsl_max":null,"lineas_adsl_min":null,"paro_normalizado":"0.3692923079999999","paro_normalizado_max":"10.569292308","paro_normalizado_min":"-3.030707692","uso_regular_internet":null,"uso_regular_internet_max":null,"uso_regular_internet_min":null,"prensa_diaria":null,"prensa_diaria_max":null,"prensa_diaria_min":null,"audiencia_diaria_tv":null,"audiencia_diaria_tv_max":null,"audiencia_diaria_tv_min":null,"actividad_economica_normalizado":null,"actividad_economica_normalizado_max":null,"actividad_economica_normalizado_min":null,"edad_media_normalizada":"-2.083616837","edad_media_normalizada_max":"26.90128042","edad_media_normalizada_min":"-17.00367045","comercial_normalizado":null,"comercial_normalizado_max":null,"comercial_normalizado_min":null,"envejecimiento_normalizado":null,"envejecimiento_normalizado_max":null,"envejecimiento_normalizado_min":null,"saldo_vegetativo_normalizado":null,"saldo_vegetativo_normalizado_max":null,"saldo_vegetativo_normalizado_min":null,"restauracion_normalizado":null,"restauracion_normalizado_max":null,"restauracion_normalizado_min":null,"censo_total":1419,"percen_participacion":81,"primer_partido_percent":42,"primer_partido_name":"PP","segundo_partido_percent":39,"segundo_partido_name":"PSOE","tercer_partido_percent":9,"tercer_partido_name":"IU","otros_partido_percent":8},"2002":{"inmigracion_normalizado":"-61.62085681","inmigracion_normalizado_max":"112241.4682","inmigracion_normalizado_min":"-100.0","secundaria_acabada":null,"secundaria_acabada_max":null,"secundaria_acabada_min":null,"pib_normalizado":null,"pib_normalizado_max":null,"pib_normalizado_min":null,"salario_medio_normalizado":null,"salario_medio_normalizado_max":null,"salario_medio_normalizado_min":null,"penetracion_internet":null,"penetracion_internet_max":null,"penetracion_internet_min":null,"lineas_adsl":null,"lineas_adsl_max":null,"lineas_adsl_min":null,"paro_normalizado":"0.32230769199999987","paro_normalizado_max":"7.9223076919999995","paro_normalizado_min":"-3.177692308","uso_regular_internet":null,"uso_regular_internet_max":null,"uso_regular_internet_min":null,"prensa_diaria":null,"prensa_diaria_max":null,"prensa_diaria_min":null,"audiencia_diaria_tv":null,"audiencia_diaria_tv_max":null,"audiencia_diaria_tv_min":null,"actividad_economica_normalizado":null,"actividad_economica_normalizado_max":null,"actividad_economica_normalizado_min":null,"edad_media_normalizada":"-2.153728647","edad_media_normalizada_max":"28.88906304","edad_media_normalizada_min":"-17.55736553","comercial_normalizado":null,"comercial_normalizado_max":null,"comercial_normalizado_min":null,"envejecimiento_normalizado":null,"envejecimiento_normalizado_max":null,"envejecimiento_normalizado_min":null,"saldo_vegetativo_normalizado":null,"saldo_vegetativo_normalizado_max":null,"saldo_vegetativo_normalizado_min":null,"restauracion_normalizado":null,"restauracion_normalizado_max":null,"restauracion_normalizado_min":null,"censo_total":1419,"percen_participacion":81,"primer_partido_percent":42,"primer_partido_name":"PP","segundo_partido_percent":39,"segundo_partido_name":"PSOE","tercer_partido_percent":9,"tercer_partido_name":"IU","otros_partido_percent":8},"2003":{"inmigracion_normalizado":"-70.53814755","inmigracion_normalizado_max":"103191.5361","inmigracion_normalizado_min":"-100.0","secundaria_acabada":null,"secundaria_acabada_max":null,"secundaria_acabada_min":null,"pib_normalizado":null,"pib_normalizado_max":null,"pib_normalizado_min":null,"salario_medio_normalizado":null,"salario_medio_normalizado_max":null,"salario_medio_normalizado_min":null,"penetracion_internet":null,"penetracion_internet_max":null,"penetracion_internet_min":null,"lineas_adsl":null,"lineas_adsl_max":null,"lineas_adsl_min":null,"paro_normalizado":"-0.019107691999999954","paro_normalizado_max":"8.080892308000001","paro_normalizado_min":"-3.219107692","uso_regular_internet":null,"uso_regular_internet_max":null,"uso_regular_internet_min":null,"prensa_diaria":null,"prensa_diaria_max":null,"prensa_diaria_min":null,"audiencia_diaria_tv":null,"audiencia_diaria_tv_max":null,"audiencia_diaria_tv_min":null,"actividad_economica_normalizado":null,"actividad_economica_normalizado_max":null,"actividad_economica_normalizado_min":null,"edad_media_normalizada":"-2.267881187","edad_media_normalizada_max":"25.71648493","edad_media_normalizada_min":"-17.64065793","comercial_normalizado":null,"comercial_normalizado_max":null,"comercial_normalizado_min":null,"envejecimiento_normalizado":null,"envejecimiento_normalizado_max":null,"envejecimiento_normalizado_min":null,"saldo_vegetativo_normalizado":null,"saldo_vegetativo_normalizado_max":null,"saldo_vegetativo_normalizado_min":null,"restauracion_normalizado":null,"restauracion_normalizado_max":null,"restauracion_normalizado_min":null,"censo_total":1380,"percen_participacion":88,"primer_partido_percent":41,"primer_partido_name":"PSOE","segundo_partido_percent":37,"segundo_partido_name":"PP","tercer_partido_percent":15,"tercer_partido_name":"CAI","otros_partido_percent":6},"2004":{"inmigracion_normalizado":"-67.50960933","inmigracion_normalizado_max":"100077.9728","inmigracion_normalizado_min":"-100.0","secundaria_acabada":null,"secundaria_acabada_max":null,"secundaria_acabada_min":null,"pib_normalizado":null,"pib_normalizado_max":null,"pib_normalizado_min":null,"salario_medio_normalizado":null,"salario_medio_normalizado_max":null,"salario_medio_normalizado_min":null,"penetracion_internet":null,"penetracion_internet_max":null,"penetracion_internet_min":null,"lineas_adsl":null,"lineas_adsl_max":null,"lineas_adsl_min":null,"paro_normalizado":"-0.4256000000000002","paro_normalizado_max":"10.0744","paro_normalizado_min":"-3.3256","uso_regular_internet":null,"uso_regular_internet_max":null,"uso_regular_internet_min":null,"prensa_diaria":null,"prensa_diaria_max":null,"prensa_diaria_min":null,"audiencia_diaria_tv":null,"audiencia_diaria_tv_max":null,"audiencia_diaria_tv_min":null,"actividad_economica_normalizado":null,"actividad_economica_normalizado_max":null,"actividad_economica_normalizado_min":null,"edad_media_normalizada":"-2.537728419","edad_media_normalizada_max":"25.92567842","edad_media_normalizada_min":"-19.37590888","comercial_normalizado":null,"comercial_normalizado_max":null,"comercial_normalizado_min":null,"envejecimiento_normalizado":null,"envejecimiento_normalizado_max":null,"envejecimiento_normalizado_min":null,"saldo_vegetativo_normalizado":null,"saldo_vegetativo_normalizado_max":null,"saldo_vegetativo_normalizado_min":null,"restauracion_normalizado":null,"restauracion_normalizado_max":null,"restauracion_normalizado_min":null,"censo_total":1380,"percen_participacion":88,"primer_partido_percent":41,"primer_partido_name":"PSOE","segundo_partido_percent":37,"segundo_partido_name":"PP","tercer_partido_percent":15,"tercer_partido_name":"CAI","otros_partido_percent":6},"2005":{"inmigracion_normalizado":"-67.87040554","inmigracion_normalizado_max":"94489.8954","inmigracion_normalizado_min":"-100.0","secundaria_acabada":null,"secundaria_acabada_max":null,"secundaria_acabada_min":null,"pib_normalizado":null,"pib_normalizado_max":null,"pib_normalizado_min":null,"salario_medio_normalizado":null,"salario_medio_normalizado_max":null,"salario_medio_normalizado_min":null,"penetracion_internet":null,"penetracion_internet_max":null,"penetracion_internet_min":null,"lineas_adsl":null,"lineas_adsl_max":null,"lineas_adsl_min":null,"paro_normalizado":"0.2379384619999998","paro_normalizado_max":"9.637938462","paro_normalizado_min":"-4.062061538","uso_regular_internet":null,"uso_regular_internet_max":null,"uso_regular_internet_min":null,"prensa_diaria":null,"prensa_diaria_max":null,"prensa_diaria_min":null,"audiencia_diaria_tv":null,"audiencia_diaria_tv_max":null,"audiencia_diaria_tv_min":null,"actividad_economica_normalizado":null,"actividad_economica_normalizado_max":null,"actividad_economica_normalizado_min":null,"edad_media_normalizada":"-2.748665603","edad_media_normalizada_max":"27.80099803","edad_media_normalizada_min":"-17.83392261","comercial_normalizado":null,"comercial_normalizado_max":null,"comercial_normalizado_min":null,"envejecimiento_normalizado":null,"envejecimiento_normalizado_max":null,"envejecimiento_normalizado_min":null,"saldo_vegetativo_normalizado":null,"saldo_vegetativo_normalizado_max":null,"saldo_vegetativo_normalizado_min":null,"restauracion_normalizado":null,"restauracion_normalizado_max":null,"restauracion_normalizado_min":null,"censo_total":1380,"percen_participacion":88,"primer_partido_percent":41,"primer_partido_name":"PSOE","segundo_partido_percent":37,"segundo_partido_name":"PP","tercer_partido_percent":15,"tercer_partido_name":"CAI","otros_partido_percent":6},"2006":{"inmigracion_normalizado":"-62.7829541","inmigracion_normalizado_max":"85556.037","inmigracion_normalizado_min":"-100.0","secundaria_acabada":null,"secundaria_acabada_max":null,"secundaria_acabada_min":null,"pib_normalizado":null,"pib_normalizado_max":null,"pib_normalizado_min":null,"salario_medio_normalizado":null,"salario_medio_normalizado_max":null,"salario_medio_normalizado_min":null,"penetracion_internet":null,"penetracion_internet_max":null,"penetracion_internet_min":null,"lineas_adsl":null,"lineas_adsl_max":null,"lineas_adsl_min":null,"paro_normalizado":"0.5053230769999999","paro_normalizado_max":"10.105323077","paro_normalizado_min":"-3.594676923","uso_regular_internet":null,"uso_regular_internet_max":null,"uso_regular_internet_min":null,"prensa_diaria":null,"prensa_diaria_max":null,"prensa_diaria_min":null,"audiencia_diaria_tv":null,"audiencia_diaria_tv_max":null,"audiencia_diaria_tv_min":null,"actividad_economica_normalizado":null,"actividad_economica_normalizado_max":null,"actividad_economica_normalizado_min":null,"edad_media_normalizada":"-3.354623185","edad_media_normalizada_max":"24.26660291","edad_media_normalizada_min":"-17.61473056","comercial_normalizado":null,"comercial_normalizado_max":null,"comercial_normalizado_min":null,"envejecimiento_normalizado":null,"envejecimiento_normalizado_max":null,"envejecimiento_normalizado_min":null,"saldo_vegetativo_normalizado":null,"saldo_vegetativo_normalizado_max":null,"saldo_vegetativo_normalizado_min":null,"restauracion_normalizado":null,"restauracion_normalizado_max":null,"restauracion_normalizado_min":null,"censo_total":1380,"percen_participacion":88,"primer_partido_percent":41,"primer_partido_name":"PSOE","segundo_partido_percent":37,"segundo_partido_name":"PP","tercer_partido_percent":15,"tercer_partido_name":"CAI","otros_partido_percent":6},"2007":{"inmigracion_normalizado":"-67.09247041","inmigracion_normalizado_max":"85077.20071","inmigracion_normalizado_min":"-100.0","secundaria_acabada":null,"secundaria_acabada_max":null,"secundaria_acabada_min":null,"pib_normalizado":null,"pib_normalizado_max":null,"pib_normalizado_min":null,"salario_medio_normalizado":null,"salario_medio_normalizado_max":null,"salario_medio_normalizado_min":null,"penetracion_internet":null,"penetracion_internet_max":null,"penetracion_internet_min":null,"lineas_adsl":null,"lineas_adsl_max":null,"lineas_adsl_min":null,"paro_normalizado":"-0.3044909259999997","paro_normalizado_max":"11.595509074","paro_normalizado_min":"-3.404490926","uso_regular_internet":null,"uso_regular_internet_max":null,"uso_regular_internet_min":null,"prensa_diaria":null,"prensa_diaria_max":null,"prensa_diaria_min":null,"audiencia_diaria_tv":null,"audiencia_diaria_tv_max":null,"audiencia_diaria_tv_min":null,"actividad_economica_normalizado":null,"actividad_economica_normalizado_max":null,"actividad_economica_normalizado_min":null,"edad_media_normalizada":"-3.354623185","edad_media_normalizada_max":"24.26660291","edad_media_normalizada_min":"-17.61473056","comercial_normalizado":null,"comercial_normalizado_max":null,"comercial_normalizado_min":null,"envejecimiento_normalizado":null,"envejecimiento_normalizado_max":null,"envejecimiento_normalizado_min":null,"saldo_vegetativo_normalizado":null,"saldo_vegetativo_normalizado_max":null,"saldo_vegetativo_normalizado_min":null,"restauracion_normalizado":null,"restauracion_normalizado_max":null,"restauracion_normalizado_min":null,"censo_total":1405,"percen_participacion":85,"primer_partido_percent":53,"primer_partido_name":"PP","segundo_partido_percent":39,"segundo_partido_name":"PSOE","tercer_partido_percent":5,"tercer_partido_name":"IU","otros_partido_percent":1},"2008":{"inmigracion_normalizado":"-61.75185225","inmigracion_normalizado_max":"85210.14498","inmigracion_normalizado_min":"-100.0","secundaria_acabada":null,"secundaria_acabada_max":null,"secundaria_acabada_min":null,"pib_normalizado":null,"pib_normalizado_max":null,"pib_normalizado_min":null,"salario_medio_normalizado":null,"salario_medio_normalizado_max":null,"salario_medio_normalizado_min":null,"penetracion_internet":null,"penetracion_internet_max":null,"penetracion_internet_min":null,"lineas_adsl":null,"lineas_adsl_max":null,"lineas_adsl_min":null,"paro_normalizado":"0.4380073799999993","paro_normalizado_max":"12.53800738","paro_normalizado_min":"-3.96199262","uso_regular_internet":null,"uso_regular_internet_max":null,"uso_regular_internet_min":null,"prensa_diaria":null,"prensa_diaria_max":null,"prensa_diaria_min":null,"audiencia_diaria_tv":null,"audiencia_diaria_tv_max":null,"audiencia_diaria_tv_min":null,"actividad_economica_normalizado":null,"actividad_economica_normalizado_max":null,"actividad_economica_normalizado_min":null,"edad_media_normalizada":"-4.269560283","edad_media_normalizada_max":"24.24832802","edad_media_normalizada_min":"-17.25342415","comercial_normalizado":null,"comercial_normalizado_max":null,"comercial_normalizado_min":null,"envejecimiento_normalizado":null,"envejecimiento_normalizado_max":null,"envejecimiento_normalizado_min":null,"saldo_vegetativo_normalizado":null,"saldo_vegetativo_normalizado_max":null,"saldo_vegetativo_normalizado_min":null,"restauracion_normalizado":null,"restauracion_normalizado_max":null,"restauracion_normalizado_min":null,"censo_total":1405,"percen_participacion":85,"primer_partido_percent":53,"primer_partido_name":"PP","segundo_partido_percent":39,"segundo_partido_name":"PSOE","tercer_partido_percent":5,"tercer_partido_name":"IU","otros_partido_percent":1},"2009":{"inmigracion_normalizado":"-60.85933825","inmigracion_normalizado_max":"84927.94417","inmigracion_normalizado_min":"-100.0","secundaria_acabada":null,"secundaria_acabada_max":null,"secundaria_acabada_min":null,"pib_normalizado":null,"pib_normalizado_max":null,"pib_normalizado_min":null,"salario_medio_normalizado":null,"salario_medio_normalizado_max":null,"salario_medio_normalizado_min":null,"penetracion_internet":null,"penetracion_internet_max":null,"penetracion_internet_min":null,"lineas_adsl":null,"lineas_adsl_max":null,"lineas_adsl_min":null,"paro_normalizado":"1.0811193110000001","paro_normalizado_max":"14.781119311000001","paro_normalizado_min":"-5.718880689000001","uso_regular_internet":null,"uso_regular_internet_max":null,"uso_regular_internet_min":null,"prensa_diaria":null,"prensa_diaria_max":null,"prensa_diaria_min":null,"audiencia_diaria_tv":null,"audiencia_diaria_tv_max":null,"audiencia_diaria_tv_min":null,"actividad_economica_normalizado":"-26.79513996","actividad_economica_normalizado_max":"10555.20486004","actividad_economica_normalizado_min":"-29.79513996","edad_media_normalizada":"-4.503959351","edad_media_normalizada_max":"24.51554784","edad_media_normalizada_min":"-16.94243614","comercial_normalizado":"-27.3426638","comercial_normalizado_max":"8141.6573362","comercial_normalizado_min":"-30.3426638","envejecimiento_normalizado":null,"envejecimiento_normalizado_max":null,"envejecimiento_normalizado_min":null,"saldo_vegetativo_normalizado":null,"saldo_vegetativo_normalizado_max":null,"saldo_vegetativo_normalizado_min":null,"restauracion_normalizado":"-28.25899723","restauracion_normalizado_max":"9479.74100277","restauracion_normalizado_min":"-30.25899723","censo_total":1405,"percen_participacion":85,"primer_partido_percent":53,"primer_partido_name":"PP","segundo_partido_percent":39,"segundo_partido_name":"PSOE","tercer_partido_percent":5,"tercer_partido_name":"IU","otros_partido_percent":1},"2010":{"inmigracion_normalizado":"-65.4759008","inmigracion_normalizado_max":"84931.01341","inmigracion_normalizado_min":"-100.0","secundaria_acabada":null,"secundaria_acabada_max":null,"secundaria_acabada_min":null,"pib_normalizado":null,"pib_normalizado_max":null,"pib_normalizado_min":null,"salario_medio_normalizado":null,"salario_medio_normalizado_max":null,"salario_medio_normalizado_min":null,"penetracion_internet":null,"penetracion_internet_max":null,"penetracion_internet_min":null,"lineas_adsl":null,"lineas_adsl_max":null,"lineas_adsl_min":null,"paro_normalizado":null,"paro_normalizado_max":null,"paro_normalizado_min":null,"uso_regular_internet":null,"uso_regular_internet_max":null,"uso_regular_internet_min":null,"prensa_diaria":null,"prensa_diaria_max":null,"prensa_diaria_min":null,"audiencia_diaria_tv":null,"audiencia_diaria_tv_max":null,"audiencia_diaria_tv_min":null,"actividad_economica_normalizado":null,"actividad_economica_normalizado_max":null,"actividad_economica_normalizado_min":null,"edad_media_normalizada":"-8.2493599514779","edad_media_normalizada_max":"55.63262380018611","edad_media_normalizada_min":"-35.80024281912941","comercial_normalizado":null,"comercial_normalizado_max":null,"comercial_normalizado_min":null,"envejecimiento_normalizado":null,"envejecimiento_normalizado_max":null,"envejecimiento_normalizado_min":null,"saldo_vegetativo_normalizado":null,"saldo_vegetativo_normalizado_max":null,"saldo_vegetativo_normalizado_min":null,"restauracion_normalizado":null,"restauracion_normalizado_max":null,"restauracion_normalizado_min":null,"censo_total":1405,"percen_participacion":85,"primer_partido_percent":53,"primer_partido_name":"PP","segundo_partido_percent":39,"segundo_partido_name":"PSOE","tercer_partido_percent":5,"tercer_partido_name":"IU","otros_partido_percent":1},"2011":{"inmigracion_normalizado":null,"inmigracion_normalizado_max":null,"inmigracion_normalizado_min":null,"secundaria_acabada":null,"secundaria_acabada_max":null,"secundaria_acabada_min":null,"pib_normalizado":null,"pib_normalizado_max":null,"pib_normalizado_min":null,"salario_medio_normalizado":null,"salario_medio_normalizado_max":null,"salario_medio_normalizado_min":null,"penetracion_internet":null,"penetracion_internet_max":null,"penetracion_internet_min":null,"lineas_adsl":null,"lineas_adsl_max":null,"lineas_adsl_min":null,"paro_normalizado":null,"paro_normalizado_max":null,"paro_normalizado_min":null,"uso_regular_internet":null,"uso_regular_internet_max":null,"uso_regular_internet_min":null,"prensa_diaria":null,"prensa_diaria_max":null,"prensa_diaria_min":null,"audiencia_diaria_tv":null,"audiencia_diaria_tv_max":null,"audiencia_diaria_tv_min":null,"actividad_economica_normalizado":null,"actividad_economica_normalizado_max":null,"actividad_economica_normalizado_min":null,"edad_media_normalizada":null,"edad_media_normalizada_max":null,"edad_media_normalizada_min":null,"comercial_normalizado":null,"comercial_normalizado_max":null,"comercial_normalizado_min":null,"envejecimiento_normalizado":null,"envejecimiento_normalizado_max":null,"envejecimiento_normalizado_min":null,"saldo_vegetativo_normalizado":null,"saldo_vegetativo_normalizado_max":null,"saldo_vegetativo_normalizado_min":null,"restauracion_normalizado":null,"restauracion_normalizado_max":null,"restauracion_normalizado_min":null,"censo_total":1405,"percen_participacion":85,"primer_partido_percent":53,"primer_partido_name":"PP","segundo_partido_percent":39,"segundo_partido_name":"PSOE","tercer_partido_percent":5,"tercer_partido_name":"IU","otros_partido_percent":1}}}]