{"id":13167,"google_maps_name":"02694 Higueruela, España","name":"Higueruela","center_longitude":-1.4451014,"center_latitude":38.9642449,"variables":{"paro_normalizado":{"max_year":2009,"min_year":1996}},"provincia":"Albacete","data":{"1996":{"paro_normalizado":"-0.7074769229999998","paro_normalizado_max":"33.292523077","paro_normalizado_min":"-5.107476923","censo_total":1084,"percen_participacion":85,"primer_partido_percent":38,"primer_partido_name":"PSOE","segundo_partido_percent":30,"segundo_partido_name":"CDS","tercer_partido_percent":22,"tercer_partido_name":"AP","otros_partido_percent":0},"1997":{"paro_normalizado":"-1.6276923079999994","paro_normalizado_max":"14.272307692000002","paro_normalizado_min":"-3.9276923079999997","censo_total":1084,"percen_participacion":85,"primer_partido_percent":38,"primer_partido_name":"PSOE","segundo_partido_percent":30,"segundo_partido_name":"CDS","tercer_partido_percent":22,"tercer_partido_name":"AP","otros_partido_percent":0},"1998":{"paro_normalizado":"-1.166861538","paro_normalizado_max":"13.033138461999998","paro_normalizado_min":"-3.866861538","censo_total":1084,"percen_participacion":85,"primer_partido_percent":38,"primer_partido_name":"PSOE","segundo_partido_percent":30,"segundo_partido_name":"CDS","tercer_partido_percent":22,"tercer_partido_name":"AP","otros_partido_percent":0},"1999":{"paro_normalizado":"-2.4281538460000003","paro_normalizado_max":"10.071846154","paro_normalizado_min":"-3.128153846","censo_total":1084,"percen_participacion":85,"primer_partido_percent":38,"primer_partido_name":"PSOE","segundo_partido_percent":30,"segundo_partido_name":"CDS","tercer_partido_percent":22,"tercer_partido_name":"AP","otros_partido_percent":0},"2000":{"paro_normalizado":"-1.5284923080000001","paro_normalizado_max":"11.371507692","paro_normalizado_min":"-3.128492308","censo_total":1084,"percen_participacion":85,"primer_partido_percent":38,"primer_partido_name":"PSOE","segundo_partido_percent":30,"segundo_partido_name":"CDS","tercer_partido_percent":22,"tercer_partido_name":"AP","otros_partido_percent":0},"2001":{"paro_normalizado":"-1.030707692","paro_normalizado_max":"10.569292308","paro_normalizado_min":"-3.030707692","censo_total":1084,"percen_participacion":85,"primer_partido_percent":38,"primer_partido_name":"PSOE","segundo_partido_percent":30,"segundo_partido_name":"CDS","tercer_partido_percent":22,"tercer_partido_name":"AP","otros_partido_percent":0},"2002":{"paro_normalizado":"-0.07769230800000004","paro_normalizado_max":"7.9223076919999995","paro_normalizado_min":"-3.177692308","censo_total":1084,"percen_participacion":85,"primer_partido_percent":38,"primer_partido_name":"PSOE","segundo_partido_percent":30,"segundo_partido_name":"CDS","tercer_partido_percent":22,"tercer_partido_name":"AP","otros_partido_percent":0},"2003":{"paro_normalizado":"0.18089230799999978","paro_normalizado_max":"8.080892308000001","paro_normalizado_min":"-3.219107692","censo_total":1084,"percen_participacion":85,"primer_partido_percent":38,"primer_partido_name":"PSOE","segundo_partido_percent":30,"segundo_partido_name":"CDS","tercer_partido_percent":22,"tercer_partido_name":"AP","otros_partido_percent":0},"2004":{"paro_normalizado":"0.2744","paro_normalizado_max":"10.0744","paro_normalizado_min":"-3.3256","censo_total":1084,"percen_participacion":85,"primer_partido_percent":38,"primer_partido_name":"PSOE","segundo_partido_percent":30,"segundo_partido_name":"CDS","tercer_partido_percent":22,"tercer_partido_name":"AP","otros_partido_percent":0},"2005":{"paro_normalizado":"1.2379384619999998","paro_normalizado_max":"9.637938462","paro_normalizado_min":"-3.562061538","censo_total":1084,"percen_participacion":85,"primer_partido_percent":38,"primer_partido_name":"PSOE","segundo_partido_percent":30,"segundo_partido_name":"CDS","tercer_partido_percent":22,"tercer_partido_name":"AP","otros_partido_percent":0},"2006":{"paro_normalizado":"1.4053230770000003","paro_normalizado_max":"10.105323077","paro_normalizado_min":"-3.594676923","censo_total":1084,"percen_participacion":85,"primer_partido_percent":38,"primer_partido_name":"PSOE","segundo_partido_percent":30,"segundo_partido_name":"CDS","tercer_partido_percent":22,"tercer_partido_name":"AP","otros_partido_percent":0},"2007":{"paro_normalizado":"1.9955090740000005","paro_normalizado_max":"11.595509074","paro_normalizado_min":"-3.404490926","censo_total":1084,"percen_participacion":85,"primer_partido_percent":38,"primer_partido_name":"PSOE","segundo_partido_percent":30,"segundo_partido_name":"CDS","tercer_partido_percent":22,"tercer_partido_name":"AP","otros_partido_percent":0},"2008":{"paro_normalizado":"0.33800737999999964","paro_normalizado_max":"12.53800738","paro_normalizado_min":"-3.96199262","censo_total":1084,"percen_participacion":85,"primer_partido_percent":38,"primer_partido_name":"PSOE","segundo_partido_percent":30,"segundo_partido_name":"CDS","tercer_partido_percent":22,"tercer_partido_name":"AP","otros_partido_percent":0},"2009":{"paro_normalizado":"-0.9188806889999999","paro_normalizado_max":"14.781119311000001","paro_normalizado_min":"-5.718880689000001","censo_total":1084,"percen_participacion":85,"primer_partido_percent":38,"primer_partido_name":"PSOE","segundo_partido_percent":30,"segundo_partido_name":"CDS","tercer_partido_percent":22,"tercer_partido_name":"AP","otros_partido_percent":0}}}