{"id":15691,"google_maps_name":"03130 Santa Pola, España","name":"Santa Pola","center_longitude":-0.5552066,"center_latitude":38.1922952,"variables":{"paro_normalizado":{"max_year":2009,"min_year":1996}},"provincia":"Alicante","data":{"1996":{"paro_normalizado":"-0.3074769230000003","paro_normalizado_max":"33.292523077","paro_normalizado_min":"-5.107476923","censo_total":9000,"percen_participacion":75,"primer_partido_percent":46,"primer_partido_name":"PSOE","segundo_partido_percent":23,"segundo_partido_name":"AP","tercer_partido_percent":19,"tercer_partido_name":"INDEP","otros_partido_percent":0},"1997":{"paro_normalizado":"-0.4276923079999997","paro_normalizado_max":"14.272307692000002","paro_normalizado_min":"-3.9276923079999997","censo_total":9000,"percen_participacion":75,"primer_partido_percent":46,"primer_partido_name":"PSOE","segundo_partido_percent":23,"segundo_partido_name":"AP","tercer_partido_percent":19,"tercer_partido_name":"INDEP","otros_partido_percent":0},"1998":{"paro_normalizado":"-0.2668615380000001","paro_normalizado_max":"13.033138461999998","paro_normalizado_min":"-3.866861538","censo_total":9000,"percen_participacion":75,"primer_partido_percent":46,"primer_partido_name":"PSOE","segundo_partido_percent":23,"segundo_partido_name":"AP","tercer_partido_percent":19,"tercer_partido_name":"INDEP","otros_partido_percent":0},"1999":{"paro_normalizado":"-0.5281538460000004","paro_normalizado_max":"10.071846154","paro_normalizado_min":"-3.128153846","censo_total":9000,"percen_participacion":75,"primer_partido_percent":46,"primer_partido_name":"PSOE","segundo_partido_percent":23,"segundo_partido_name":"AP","tercer_partido_percent":19,"tercer_partido_name":"INDEP","otros_partido_percent":0},"2000":{"paro_normalizado":"-1.1284923080000002","paro_normalizado_max":"11.371507692","paro_normalizado_min":"-3.128492308","censo_total":9000,"percen_participacion":75,"primer_partido_percent":46,"primer_partido_name":"PSOE","segundo_partido_percent":23,"segundo_partido_name":"AP","tercer_partido_percent":19,"tercer_partido_name":"INDEP","otros_partido_percent":0},"2001":{"paro_normalizado":"-1.230707692","paro_normalizado_max":"10.569292308","paro_normalizado_min":"-3.030707692","censo_total":9000,"percen_participacion":75,"primer_partido_percent":46,"primer_partido_name":"PSOE","segundo_partido_percent":23,"segundo_partido_name":"AP","tercer_partido_percent":19,"tercer_partido_name":"INDEP","otros_partido_percent":0},"2002":{"paro_normalizado":"-1.4776923080000002","paro_normalizado_max":"7.9223076919999995","paro_normalizado_min":"-3.177692308","censo_total":9000,"percen_participacion":75,"primer_partido_percent":46,"primer_partido_name":"PSOE","segundo_partido_percent":23,"segundo_partido_name":"AP","tercer_partido_percent":19,"tercer_partido_name":"INDEP","otros_partido_percent":0},"2003":{"paro_normalizado":"-1.5191076920000002","paro_normalizado_max":"8.080892308000001","paro_normalizado_min":"-3.219107692","censo_total":9000,"percen_participacion":75,"primer_partido_percent":46,"primer_partido_name":"PSOE","segundo_partido_percent":23,"segundo_partido_name":"AP","tercer_partido_percent":19,"tercer_partido_name":"INDEP","otros_partido_percent":0},"2004":{"paro_normalizado":"-0.6255999999999999","paro_normalizado_max":"10.0744","paro_normalizado_min":"-3.3256","censo_total":9000,"percen_participacion":75,"primer_partido_percent":46,"primer_partido_name":"PSOE","segundo_partido_percent":23,"segundo_partido_name":"AP","tercer_partido_percent":19,"tercer_partido_name":"INDEP","otros_partido_percent":0},"2005":{"paro_normalizado":"-0.46206153799999994","paro_normalizado_max":"9.637938462","paro_normalizado_min":"-3.562061538","censo_total":9000,"percen_participacion":75,"primer_partido_percent":46,"primer_partido_name":"PSOE","segundo_partido_percent":23,"segundo_partido_name":"AP","tercer_partido_percent":19,"tercer_partido_name":"INDEP","otros_partido_percent":0},"2006":{"paro_normalizado":"-0.2946769229999999","paro_normalizado_max":"10.105323077","paro_normalizado_min":"-3.594676923","censo_total":9000,"percen_participacion":75,"primer_partido_percent":46,"primer_partido_name":"PSOE","segundo_partido_percent":23,"segundo_partido_name":"AP","tercer_partido_percent":19,"tercer_partido_name":"INDEP","otros_partido_percent":0},"2007":{"paro_normalizado":"-0.20449092599999963","paro_normalizado_max":"11.595509074","paro_normalizado_min":"-3.404490926","censo_total":9000,"percen_participacion":75,"primer_partido_percent":46,"primer_partido_name":"PSOE","segundo_partido_percent":23,"segundo_partido_name":"AP","tercer_partido_percent":19,"tercer_partido_name":"INDEP","otros_partido_percent":0},"2008":{"paro_normalizado":"0.03800737999999981","paro_normalizado_max":"12.53800738","paro_normalizado_min":"-3.96199262","censo_total":9000,"percen_participacion":75,"primer_partido_percent":46,"primer_partido_name":"PSOE","segundo_partido_percent":23,"segundo_partido_name":"AP","tercer_partido_percent":19,"tercer_partido_name":"INDEP","otros_partido_percent":0},"2009":{"paro_normalizado":"0.6811193109999998","paro_normalizado_max":"14.781119311000001","paro_normalizado_min":"-5.718880689000001","censo_total":9000,"percen_participacion":75,"primer_partido_percent":46,"primer_partido_name":"PSOE","segundo_partido_percent":23,"segundo_partido_name":"AP","tercer_partido_percent":19,"tercer_partido_name":"INDEP","otros_partido_percent":0}}}