{"id":15677,"google_maps_name":"03517 Confrides, España","name":"Confrides","center_longitude":-0.2685593,"center_latitude":38.6832934,"variables":{"paro_normalizado":{"max_year":2009,"min_year":1996}},"provincia":"Alicante","data":{"1996":{"paro_normalizado":null,"paro_normalizado_max":"33.292523077","paro_normalizado_min":"-5.107476923","censo_total":307,"percen_participacion":76,"primer_partido_percent":51,"primer_partido_name":"CDS","segundo_partido_percent":47,"segundo_partido_name":"PSOE","tercer_partido_percent":0,"tercer_partido_name":"ADEIS","otros_partido_percent":0},"1997":{"paro_normalizado":null,"paro_normalizado_max":"14.272307692000002","paro_normalizado_min":"-3.9276923079999997","censo_total":307,"percen_participacion":76,"primer_partido_percent":51,"primer_partido_name":"CDS","segundo_partido_percent":47,"segundo_partido_name":"PSOE","tercer_partido_percent":0,"tercer_partido_name":"ADEIS","otros_partido_percent":0},"1998":{"paro_normalizado":null,"paro_normalizado_max":"13.033138461999998","paro_normalizado_min":"-3.866861538","censo_total":307,"percen_participacion":76,"primer_partido_percent":51,"primer_partido_name":"CDS","segundo_partido_percent":47,"segundo_partido_name":"PSOE","tercer_partido_percent":0,"tercer_partido_name":"ADEIS","otros_partido_percent":0},"1999":{"paro_normalizado":null,"paro_normalizado_max":"10.071846154","paro_normalizado_min":"-3.128153846","censo_total":307,"percen_participacion":76,"primer_partido_percent":51,"primer_partido_name":"CDS","segundo_partido_percent":47,"segundo_partido_name":"PSOE","tercer_partido_percent":0,"tercer_partido_name":"ADEIS","otros_partido_percent":0},"2000":{"paro_normalizado":null,"paro_normalizado_max":"11.371507692","paro_normalizado_min":"-3.128492308","censo_total":307,"percen_participacion":76,"primer_partido_percent":51,"primer_partido_name":"CDS","segundo_partido_percent":47,"segundo_partido_name":"PSOE","tercer_partido_percent":0,"tercer_partido_name":"ADEIS","otros_partido_percent":0},"2001":{"paro_normalizado":null,"paro_normalizado_max":"10.569292308","paro_normalizado_min":"-3.030707692","censo_total":307,"percen_participacion":76,"primer_partido_percent":51,"primer_partido_name":"CDS","segundo_partido_percent":47,"segundo_partido_name":"PSOE","tercer_partido_percent":0,"tercer_partido_name":"ADEIS","otros_partido_percent":0},"2002":{"paro_normalizado":null,"paro_normalizado_max":"7.9223076919999995","paro_normalizado_min":"-3.177692308","censo_total":307,"percen_participacion":76,"primer_partido_percent":51,"primer_partido_name":"CDS","segundo_partido_percent":47,"segundo_partido_name":"PSOE","tercer_partido_percent":0,"tercer_partido_name":"ADEIS","otros_partido_percent":0},"2003":{"paro_normalizado":null,"paro_normalizado_max":"8.080892308000001","paro_normalizado_min":"-3.219107692","censo_total":307,"percen_participacion":76,"primer_partido_percent":51,"primer_partido_name":"CDS","segundo_partido_percent":47,"segundo_partido_name":"PSOE","tercer_partido_percent":0,"tercer_partido_name":"ADEIS","otros_partido_percent":0},"2004":{"paro_normalizado":null,"paro_normalizado_max":"10.0744","paro_normalizado_min":"-3.3256","censo_total":307,"percen_participacion":76,"primer_partido_percent":51,"primer_partido_name":"CDS","segundo_partido_percent":47,"segundo_partido_name":"PSOE","tercer_partido_percent":0,"tercer_partido_name":"ADEIS","otros_partido_percent":0},"2005":{"paro_normalizado":null,"paro_normalizado_max":"9.637938462","paro_normalizado_min":"-3.562061538","censo_total":307,"percen_participacion":76,"primer_partido_percent":51,"primer_partido_name":"CDS","segundo_partido_percent":47,"segundo_partido_name":"PSOE","tercer_partido_percent":0,"tercer_partido_name":"ADEIS","otros_partido_percent":0},"2006":{"paro_normalizado":null,"paro_normalizado_max":"10.105323077","paro_normalizado_min":"-3.594676923","censo_total":307,"percen_participacion":76,"primer_partido_percent":51,"primer_partido_name":"CDS","segundo_partido_percent":47,"segundo_partido_name":"PSOE","tercer_partido_percent":0,"tercer_partido_name":"ADEIS","otros_partido_percent":0},"2007":{"paro_normalizado":null,"paro_normalizado_max":"11.595509074","paro_normalizado_min":"-3.404490926","censo_total":307,"percen_participacion":76,"primer_partido_percent":51,"primer_partido_name":"CDS","segundo_partido_percent":47,"segundo_partido_name":"PSOE","tercer_partido_percent":0,"tercer_partido_name":"ADEIS","otros_partido_percent":0},"2008":{"paro_normalizado":null,"paro_normalizado_max":"12.53800738","paro_normalizado_min":"-3.96199262","censo_total":307,"percen_participacion":76,"primer_partido_percent":51,"primer_partido_name":"CDS","segundo_partido_percent":47,"segundo_partido_name":"PSOE","tercer_partido_percent":0,"tercer_partido_name":"ADEIS","otros_partido_percent":0},"2009":{"paro_normalizado":null,"paro_normalizado_max":"14.781119311000001","paro_normalizado_min":"-5.718880689000001","censo_total":307,"percen_participacion":76,"primer_partido_percent":51,"primer_partido_name":"CDS","segundo_partido_percent":47,"segundo_partido_name":"PSOE","tercer_partido_percent":0,"tercer_partido_name":"ADEIS","otros_partido_percent":0}}}