[{"id":68,"year":1987,"data":{"censo_total":1283,"percen_participacion":82,"primer_partido_percent":57,"primer_partido_name":"PSOE","segundo_partido_percent":41,"segundo_partido_name":"AP","tercer_partido_percent":0,"tercer_partido_name":"ADEIS","otros_partido_percent":0,"center_longitude":-0.3782794,"center_latitude":38.8195195,"paro_normalizado_1996":"0.5925230770000001","paro_normalizado_1997":"1.5723076920000008","paro_normalizado_1998":"1.1331384619999998","paro_normalizado_1999":"-0.02815384600000037","paro_normalizado_2000":"-1.4284923080000003","paro_normalizado_2001":"-1.330707692","paro_normalizado_2002":"-0.7776923080000002","paro_normalizado_2003":"-0.3191076920000002","paro_normalizado_2004":"-0.4256000000000002","paro_normalizado_2005":"-1.2620615380000002","paro_normalizado_2006":"-1.5946769230000002","paro_normalizado_2007":"-0.604490926","paro_normalizado_2008":"-1.3619926200000005","paro_normalizado_2009":"-0.9188806889999999","paro_normalizado_1996_max":"33.292523077","paro_normalizado_1996_min":"-5.107476923","paro_normalizado_1997_max":"14.272307692000002","paro_normalizado_1997_min":"-3.9276923079999997","paro_normalizado_1998_max":"13.033138461999998","paro_normalizado_1998_min":"-3.866861538","paro_normalizado_1999_max":"10.071846154","paro_normalizado_1999_min":"-3.128153846","paro_normalizado_2000_max":"11.371507692","paro_normalizado_2000_min":"-3.128492308","paro_normalizado_2001_max":"10.569292308","paro_normalizado_2001_min":"-3.030707692","paro_normalizado_2002_max":"7.9223076919999995","paro_normalizado_2002_min":"-3.177692308","paro_normalizado_2003_max":"8.080892308000001","paro_normalizado_2003_min":"-3.219107692","paro_normalizado_2004_max":"10.0744","paro_normalizado_2004_min":"-3.3256","paro_normalizado_2005_max":"9.637938462","paro_normalizado_2005_min":"-3.562061538","paro_normalizado_2006_max":"10.105323077","paro_normalizado_2006_min":"-3.594676923","paro_normalizado_2007_max":"11.595509074","paro_normalizado_2007_min":"-3.404490926","paro_normalizado_2008_max":"12.53800738","paro_normalizado_2008_min":"-3.96199262","paro_normalizado_2009_max":"14.781119311000001","paro_normalizado_2009_min":"-5.718880689000001"}},{"id":69,"year":1991,"data":{"censo_total":1287,"percen_participacion":85,"primer_partido_percent":51,"primer_partido_name":"PSOE","segundo_partido_percent":47,"segundo_partido_name":"PP","tercer_partido_percent":0,"tercer_partido_name":"P.I.","otros_partido_percent":0,"center_longitude":-0.3782794,"center_latitude":38.8195195,"paro_normalizado_1996":"0.5925230770000001","paro_normalizado_1997":"1.5723076920000008","paro_normalizado_1998":"1.1331384619999998","paro_normalizado_1999":"-0.02815384600000037","paro_normalizado_2000":"-1.4284923080000003","paro_normalizado_2001":"-1.330707692","paro_normalizado_2002":"-0.7776923080000002","paro_normalizado_2003":"-0.3191076920000002","paro_normalizado_2004":"-0.4256000000000002","paro_normalizado_2005":"-1.2620615380000002","paro_normalizado_2006":"-1.5946769230000002","paro_normalizado_2007":"-0.604490926","paro_normalizado_2008":"-1.3619926200000005","paro_normalizado_2009":"-0.9188806889999999","paro_normalizado_1996_max":"33.292523077","paro_normalizado_1996_min":"-5.107476923","paro_normalizado_1997_max":"14.272307692000002","paro_normalizado_1997_min":"-3.9276923079999997","paro_normalizado_1998_max":"13.033138461999998","paro_normalizado_1998_min":"-3.866861538","paro_normalizado_1999_max":"10.071846154","paro_normalizado_1999_min":"-3.128153846","paro_normalizado_2000_max":"11.371507692","paro_normalizado_2000_min":"-3.128492308","paro_normalizado_2001_max":"10.569292308","paro_normalizado_2001_min":"-3.030707692","paro_normalizado_2002_max":"7.9223076919999995","paro_normalizado_2002_min":"-3.177692308","paro_normalizado_2003_max":"8.080892308000001","paro_normalizado_2003_min":"-3.219107692","paro_normalizado_2004_max":"10.0744","paro_normalizado_2004_min":"-3.3256","paro_normalizado_2005_max":"9.637938462","paro_normalizado_2005_min":"-3.562061538","paro_normalizado_2006_max":"10.105323077","paro_normalizado_2006_min":"-3.594676923","paro_normalizado_2007_max":"11.595509074","paro_normalizado_2007_min":"-3.404490926","paro_normalizado_2008_max":"12.53800738","paro_normalizado_2008_min":"-3.96199262","paro_normalizado_2009_max":"14.781119311000001","paro_normalizado_2009_min":"-5.718880689000001"}},{"id":70,"year":1995,"data":{"censo_total":1246,"percen_participacion":90,"primer_partido_percent":59,"primer_partido_name":"PSOE","segundo_partido_percent":39,"segundo_partido_name":"PP","tercer_partido_percent":0,"tercer_partido_name":"CISN","otros_partido_percent":0,"center_longitude":-0.3782794,"center_latitude":38.8195195,"paro_normalizado_1996":"0.5925230770000001","paro_normalizado_1997":"1.5723076920000008","paro_normalizado_1998":"1.1331384619999998","paro_normalizado_1999":"-0.02815384600000037","paro_normalizado_2000":"-1.4284923080000003","paro_normalizado_2001":"-1.330707692","paro_normalizado_2002":"-0.7776923080000002","paro_normalizado_2003":"-0.3191076920000002","paro_normalizado_2004":"-0.4256000000000002","paro_normalizado_2005":"-1.2620615380000002","paro_normalizado_2006":"-1.5946769230000002","paro_normalizado_2007":"-0.604490926","paro_normalizado_2008":"-1.3619926200000005","paro_normalizado_2009":"-0.9188806889999999","paro_normalizado_1996_max":"33.292523077","paro_normalizado_1996_min":"-5.107476923","paro_normalizado_1997_max":"14.272307692000002","paro_normalizado_1997_min":"-3.9276923079999997","paro_normalizado_1998_max":"13.033138461999998","paro_normalizado_1998_min":"-3.866861538","paro_normalizado_1999_max":"10.071846154","paro_normalizado_1999_min":"-3.128153846","paro_normalizado_2000_max":"11.371507692","paro_normalizado_2000_min":"-3.128492308","paro_normalizado_2001_max":"10.569292308","paro_normalizado_2001_min":"-3.030707692","paro_normalizado_2002_max":"7.9223076919999995","paro_normalizado_2002_min":"-3.177692308","paro_normalizado_2003_max":"8.080892308000001","paro_normalizado_2003_min":"-3.219107692","paro_normalizado_2004_max":"10.0744","paro_normalizado_2004_min":"-3.3256","paro_normalizado_2005_max":"9.637938462","paro_normalizado_2005_min":"-3.562061538","paro_normalizado_2006_max":"10.105323077","paro_normalizado_2006_min":"-3.594676923","paro_normalizado_2007_max":"11.595509074","paro_normalizado_2007_min":"-3.404490926","paro_normalizado_2008_max":"12.53800738","paro_normalizado_2008_min":"-3.96199262","paro_normalizado_2009_max":"14.781119311000001","paro_normalizado_2009_min":"-5.718880689000001"}},{"id":71,"year":1999,"data":{"censo_total":1235,"percen_participacion":87,"primer_partido_percent":52,"primer_partido_name":"PSOE","segundo_partido_percent":45,"segundo_partido_name":"PP","tercer_partido_percent":0,"tercer_partido_name":"IZ","otros_partido_percent":0,"center_longitude":-0.3782794,"center_latitude":38.8195195,"paro_normalizado_1996":"0.5925230770000001","paro_normalizado_1997":"1.5723076920000008","paro_normalizado_1998":"1.1331384619999998","paro_normalizado_1999":"-0.02815384600000037","paro_normalizado_2000":"-1.4284923080000003","paro_normalizado_2001":"-1.330707692","paro_normalizado_2002":"-0.7776923080000002","paro_normalizado_2003":"-0.3191076920000002","paro_normalizado_2004":"-0.4256000000000002","paro_normalizado_2005":"-1.2620615380000002","paro_normalizado_2006":"-1.5946769230000002","paro_normalizado_2007":"-0.604490926","paro_normalizado_2008":"-1.3619926200000005","paro_normalizado_2009":"-0.9188806889999999","paro_normalizado_1996_max":"33.292523077","paro_normalizado_1996_min":"-5.107476923","paro_normalizado_1997_max":"14.272307692000002","paro_normalizado_1997_min":"-3.9276923079999997","paro_normalizado_1998_max":"13.033138461999998","paro_normalizado_1998_min":"-3.866861538","paro_normalizado_1999_max":"10.071846154","paro_normalizado_1999_min":"-3.128153846","paro_normalizado_2000_max":"11.371507692","paro_normalizado_2000_min":"-3.128492308","paro_normalizado_2001_max":"10.569292308","paro_normalizado_2001_min":"-3.030707692","paro_normalizado_2002_max":"7.9223076919999995","paro_normalizado_2002_min":"-3.177692308","paro_normalizado_2003_max":"8.080892308000001","paro_normalizado_2003_min":"-3.219107692","paro_normalizado_2004_max":"10.0744","paro_normalizado_2004_min":"-3.3256","paro_normalizado_2005_max":"9.637938462","paro_normalizado_2005_min":"-3.562061538","paro_normalizado_2006_max":"10.105323077","paro_normalizado_2006_min":"-3.594676923","paro_normalizado_2007_max":"11.595509074","paro_normalizado_2007_min":"-3.404490926","paro_normalizado_2008_max":"12.53800738","paro_normalizado_2008_min":"-3.96199262","paro_normalizado_2009_max":"14.781119311000001","paro_normalizado_2009_min":"-5.718880689000001"}},{"id":72,"year":2003,"data":{"censo_total":1194,"percen_participacion":89,"primer_partido_percent":37,"primer_partido_name":"PSOE","segundo_partido_percent":35,"segundo_partido_name":"PP","tercer_partido_percent":17,"tercer_partido_name":"LP","otros_partido_percent":0,"center_longitude":-0.3782794,"center_latitude":38.8195195,"paro_normalizado_1996":"0.5925230770000001","paro_normalizado_1997":"1.5723076920000008","paro_normalizado_1998":"1.1331384619999998","paro_normalizado_1999":"-0.02815384600000037","paro_normalizado_2000":"-1.4284923080000003","paro_normalizado_2001":"-1.330707692","paro_normalizado_2002":"-0.7776923080000002","paro_normalizado_2003":"-0.3191076920000002","paro_normalizado_2004":"-0.4256000000000002","paro_normalizado_2005":"-1.2620615380000002","paro_normalizado_2006":"-1.5946769230000002","paro_normalizado_2007":"-0.604490926","paro_normalizado_2008":"-1.3619926200000005","paro_normalizado_2009":"-0.9188806889999999","paro_normalizado_1996_max":"33.292523077","paro_normalizado_1996_min":"-5.107476923","paro_normalizado_1997_max":"14.272307692000002","paro_normalizado_1997_min":"-3.9276923079999997","paro_normalizado_1998_max":"13.033138461999998","paro_normalizado_1998_min":"-3.866861538","paro_normalizado_1999_max":"10.071846154","paro_normalizado_1999_min":"-3.128153846","paro_normalizado_2000_max":"11.371507692","paro_normalizado_2000_min":"-3.128492308","paro_normalizado_2001_max":"10.569292308","paro_normalizado_2001_min":"-3.030707692","paro_normalizado_2002_max":"7.9223076919999995","paro_normalizado_2002_min":"-3.177692308","paro_normalizado_2003_max":"8.080892308000001","paro_normalizado_2003_min":"-3.219107692","paro_normalizado_2004_max":"10.0744","paro_normalizado_2004_min":"-3.3256","paro_normalizado_2005_max":"9.637938462","paro_normalizado_2005_min":"-3.562061538","paro_normalizado_2006_max":"10.105323077","paro_normalizado_2006_min":"-3.594676923","paro_normalizado_2007_max":"11.595509074","paro_normalizado_2007_min":"-3.404490926","paro_normalizado_2008_max":"12.53800738","paro_normalizado_2008_min":"-3.96199262","paro_normalizado_2009_max":"14.781119311000001","paro_normalizado_2009_min":"-5.718880689000001"}},{"id":73,"year":2007,"data":{"censo_total":1140,"percen_participacion":87,"primer_partido_percent":46,"primer_partido_name":"PP","segundo_partido_percent":28,"segundo_partido_name":"PSOE","tercer_partido_percent":16,"tercer_partido_name":"BLOC-VERDS","otros_partido_percent":0,"center_longitude":-0.3782794,"center_latitude":38.8195195,"paro_normalizado_1996":"0.5925230770000001","paro_normalizado_1997":"1.5723076920000008","paro_normalizado_1998":"1.1331384619999998","paro_normalizado_1999":"-0.02815384600000037","paro_normalizado_2000":"-1.4284923080000003","paro_normalizado_2001":"-1.330707692","paro_normalizado_2002":"-0.7776923080000002","paro_normalizado_2003":"-0.3191076920000002","paro_normalizado_2004":"-0.4256000000000002","paro_normalizado_2005":"-1.2620615380000002","paro_normalizado_2006":"-1.5946769230000002","paro_normalizado_2007":"-0.604490926","paro_normalizado_2008":"-1.3619926200000005","paro_normalizado_2009":"-0.9188806889999999","paro_normalizado_1996_max":"33.292523077","paro_normalizado_1996_min":"-5.107476923","paro_normalizado_1997_max":"14.272307692000002","paro_normalizado_1997_min":"-3.9276923079999997","paro_normalizado_1998_max":"13.033138461999998","paro_normalizado_1998_min":"-3.866861538","paro_normalizado_1999_max":"10.071846154","paro_normalizado_1999_min":"-3.128153846","paro_normalizado_2000_max":"11.371507692","paro_normalizado_2000_min":"-3.128492308","paro_normalizado_2001_max":"10.569292308","paro_normalizado_2001_min":"-3.030707692","paro_normalizado_2002_max":"7.9223076919999995","paro_normalizado_2002_min":"-3.177692308","paro_normalizado_2003_max":"8.080892308000001","paro_normalizado_2003_min":"-3.219107692","paro_normalizado_2004_max":"10.0744","paro_normalizado_2004_min":"-3.3256","paro_normalizado_2005_max":"9.637938462","paro_normalizado_2005_min":"-3.562061538","paro_normalizado_2006_max":"10.105323077","paro_normalizado_2006_min":"-3.594676923","paro_normalizado_2007_max":"11.595509074","paro_normalizado_2007_min":"-3.404490926","paro_normalizado_2008_max":"12.53800738","paro_normalizado_2008_min":"-3.96199262","paro_normalizado_2009_max":"14.781119311000001","paro_normalizado_2009_min":"-5.718880689000001"}}]