[{"id":68,"year":1987,"data":{"censo_total":1439,"percen_participacion":88,"primer_partido_percent":64,"primer_partido_name":"IU","segundo_partido_percent":24,"segundo_partido_name":"PSOE","tercer_partido_percent":10,"tercer_partido_name":"AP","otros_partido_percent":0,"center_longitude":-2.4556826,"center_latitude":36.9258636,"paro_normalizado_1996":"-1.407476923","paro_normalizado_1997":"-0.027692307999999777","paro_normalizado_1998":"0.1331384619999998","paro_normalizado_1999":"0.2718461539999999","paro_normalizado_2000":"0.6715076919999996","paro_normalizado_2001":"0.2692923079999998","paro_normalizado_2002":"0.22230769199999978","paro_normalizado_2003":"0.28089230799999987","paro_normalizado_2004":"-0.5256000000000003","paro_normalizado_2005":"0.437938462","paro_normalizado_2006":"0.8053230769999997","paro_normalizado_2007":"1.4955090740000005","paro_normalizado_2008":"2.53800738","paro_normalizado_2009":"1.7811193109999994","paro_normalizado_1996_max":"33.292523077","paro_normalizado_1996_min":"-5.107476923","paro_normalizado_1997_max":"14.272307692000002","paro_normalizado_1997_min":"-3.9276923079999997","paro_normalizado_1998_max":"13.033138461999998","paro_normalizado_1998_min":"-3.866861538","paro_normalizado_1999_max":"10.071846154","paro_normalizado_1999_min":"-3.128153846","paro_normalizado_2000_max":"11.371507692","paro_normalizado_2000_min":"-3.128492308","paro_normalizado_2001_max":"10.569292308","paro_normalizado_2001_min":"-3.030707692","paro_normalizado_2002_max":"7.9223076919999995","paro_normalizado_2002_min":"-3.177692308","paro_normalizado_2003_max":"8.080892308000001","paro_normalizado_2003_min":"-3.219107692","paro_normalizado_2004_max":"10.0744","paro_normalizado_2004_min":"-3.3256","paro_normalizado_2005_max":"9.637938462","paro_normalizado_2005_min":"-3.562061538","paro_normalizado_2006_max":"10.105323077","paro_normalizado_2006_min":"-3.594676923","paro_normalizado_2007_max":"11.595509074","paro_normalizado_2007_min":"-3.404490926","paro_normalizado_2008_max":"12.53800738","paro_normalizado_2008_min":"-3.96199262","paro_normalizado_2009_max":"14.781119311000001","paro_normalizado_2009_min":"-5.718880689000001"}},{"id":69,"year":1991,"data":{"censo_total":1547,"percen_participacion":85,"primer_partido_percent":41,"primer_partido_name":"PSOE","segundo_partido_percent":39,"segundo_partido_name":"INDEP","tercer_partido_percent":15,"tercer_partido_name":"PP","otros_partido_percent":0,"center_longitude":-2.4556826,"center_latitude":36.9258636,"paro_normalizado_1996":"-1.407476923","paro_normalizado_1997":"-0.027692307999999777","paro_normalizado_1998":"0.1331384619999998","paro_normalizado_1999":"0.2718461539999999","paro_normalizado_2000":"0.6715076919999996","paro_normalizado_2001":"0.2692923079999998","paro_normalizado_2002":"0.22230769199999978","paro_normalizado_2003":"0.28089230799999987","paro_normalizado_2004":"-0.5256000000000003","paro_normalizado_2005":"0.437938462","paro_normalizado_2006":"0.8053230769999997","paro_normalizado_2007":"1.4955090740000005","paro_normalizado_2008":"2.53800738","paro_normalizado_2009":"1.7811193109999994","paro_normalizado_1996_max":"33.292523077","paro_normalizado_1996_min":"-5.107476923","paro_normalizado_1997_max":"14.272307692000002","paro_normalizado_1997_min":"-3.9276923079999997","paro_normalizado_1998_max":"13.033138461999998","paro_normalizado_1998_min":"-3.866861538","paro_normalizado_1999_max":"10.071846154","paro_normalizado_1999_min":"-3.128153846","paro_normalizado_2000_max":"11.371507692","paro_normalizado_2000_min":"-3.128492308","paro_normalizado_2001_max":"10.569292308","paro_normalizado_2001_min":"-3.030707692","paro_normalizado_2002_max":"7.9223076919999995","paro_normalizado_2002_min":"-3.177692308","paro_normalizado_2003_max":"8.080892308000001","paro_normalizado_2003_min":"-3.219107692","paro_normalizado_2004_max":"10.0744","paro_normalizado_2004_min":"-3.3256","paro_normalizado_2005_max":"9.637938462","paro_normalizado_2005_min":"-3.562061538","paro_normalizado_2006_max":"10.105323077","paro_normalizado_2006_min":"-3.594676923","paro_normalizado_2007_max":"11.595509074","paro_normalizado_2007_min":"-3.404490926","paro_normalizado_2008_max":"12.53800738","paro_normalizado_2008_min":"-3.96199262","paro_normalizado_2009_max":"14.781119311000001","paro_normalizado_2009_min":"-5.718880689000001"}},{"id":70,"year":1995,"data":{"censo_total":1880,"percen_participacion":85,"primer_partido_percent":40,"primer_partido_name":"IU","segundo_partido_percent":35,"segundo_partido_name":"PSOE","tercer_partido_percent":17,"tercer_partido_name":"PP","otros_partido_percent":0,"center_longitude":-2.4556826,"center_latitude":36.9258636,"paro_normalizado_1996":"-1.407476923","paro_normalizado_1997":"-0.027692307999999777","paro_normalizado_1998":"0.1331384619999998","paro_normalizado_1999":"0.2718461539999999","paro_normalizado_2000":"0.6715076919999996","paro_normalizado_2001":"0.2692923079999998","paro_normalizado_2002":"0.22230769199999978","paro_normalizado_2003":"0.28089230799999987","paro_normalizado_2004":"-0.5256000000000003","paro_normalizado_2005":"0.437938462","paro_normalizado_2006":"0.8053230769999997","paro_normalizado_2007":"1.4955090740000005","paro_normalizado_2008":"2.53800738","paro_normalizado_2009":"1.7811193109999994","paro_normalizado_1996_max":"33.292523077","paro_normalizado_1996_min":"-5.107476923","paro_normalizado_1997_max":"14.272307692000002","paro_normalizado_1997_min":"-3.9276923079999997","paro_normalizado_1998_max":"13.033138461999998","paro_normalizado_1998_min":"-3.866861538","paro_normalizado_1999_max":"10.071846154","paro_normalizado_1999_min":"-3.128153846","paro_normalizado_2000_max":"11.371507692","paro_normalizado_2000_min":"-3.128492308","paro_normalizado_2001_max":"10.569292308","paro_normalizado_2001_min":"-3.030707692","paro_normalizado_2002_max":"7.9223076919999995","paro_normalizado_2002_min":"-3.177692308","paro_normalizado_2003_max":"8.080892308000001","paro_normalizado_2003_min":"-3.219107692","paro_normalizado_2004_max":"10.0744","paro_normalizado_2004_min":"-3.3256","paro_normalizado_2005_max":"9.637938462","paro_normalizado_2005_min":"-3.562061538","paro_normalizado_2006_max":"10.105323077","paro_normalizado_2006_min":"-3.594676923","paro_normalizado_2007_max":"11.595509074","paro_normalizado_2007_min":"-3.404490926","paro_normalizado_2008_max":"12.53800738","paro_normalizado_2008_min":"-3.96199262","paro_normalizado_2009_max":"14.781119311000001","paro_normalizado_2009_min":"-5.718880689000001"}},{"id":71,"year":1999,"data":{"censo_total":2072,"percen_participacion":87,"primer_partido_percent":46,"primer_partido_name":"PP","segundo_partido_percent":30,"segundo_partido_name":"IU","tercer_partido_percent":22,"tercer_partido_name":"PSOE","otros_partido_percent":0,"center_longitude":-2.4556826,"center_latitude":36.9258636,"paro_normalizado_1996":"-1.407476923","paro_normalizado_1997":"-0.027692307999999777","paro_normalizado_1998":"0.1331384619999998","paro_normalizado_1999":"0.2718461539999999","paro_normalizado_2000":"0.6715076919999996","paro_normalizado_2001":"0.2692923079999998","paro_normalizado_2002":"0.22230769199999978","paro_normalizado_2003":"0.28089230799999987","paro_normalizado_2004":"-0.5256000000000003","paro_normalizado_2005":"0.437938462","paro_normalizado_2006":"0.8053230769999997","paro_normalizado_2007":"1.4955090740000005","paro_normalizado_2008":"2.53800738","paro_normalizado_2009":"1.7811193109999994","paro_normalizado_1996_max":"33.292523077","paro_normalizado_1996_min":"-5.107476923","paro_normalizado_1997_max":"14.272307692000002","paro_normalizado_1997_min":"-3.9276923079999997","paro_normalizado_1998_max":"13.033138461999998","paro_normalizado_1998_min":"-3.866861538","paro_normalizado_1999_max":"10.071846154","paro_normalizado_1999_min":"-3.128153846","paro_normalizado_2000_max":"11.371507692","paro_normalizado_2000_min":"-3.128492308","paro_normalizado_2001_max":"10.569292308","paro_normalizado_2001_min":"-3.030707692","paro_normalizado_2002_max":"7.9223076919999995","paro_normalizado_2002_min":"-3.177692308","paro_normalizado_2003_max":"8.080892308000001","paro_normalizado_2003_min":"-3.219107692","paro_normalizado_2004_max":"10.0744","paro_normalizado_2004_min":"-3.3256","paro_normalizado_2005_max":"9.637938462","paro_normalizado_2005_min":"-3.562061538","paro_normalizado_2006_max":"10.105323077","paro_normalizado_2006_min":"-3.594676923","paro_normalizado_2007_max":"11.595509074","paro_normalizado_2007_min":"-3.404490926","paro_normalizado_2008_max":"12.53800738","paro_normalizado_2008_min":"-3.96199262","paro_normalizado_2009_max":"14.781119311000001","paro_normalizado_2009_min":"-5.718880689000001"}},{"id":72,"year":2003,"data":{"censo_total":2280,"percen_participacion":83,"primer_partido_percent":46,"primer_partido_name":"PP","segundo_partido_percent":39,"segundo_partido_name":"PSOE","tercer_partido_percent":11,"tercer_partido_name":"IU","otros_partido_percent":0,"center_longitude":-2.4556826,"center_latitude":36.9258636,"paro_normalizado_1996":"-1.407476923","paro_normalizado_1997":"-0.027692307999999777","paro_normalizado_1998":"0.1331384619999998","paro_normalizado_1999":"0.2718461539999999","paro_normalizado_2000":"0.6715076919999996","paro_normalizado_2001":"0.2692923079999998","paro_normalizado_2002":"0.22230769199999978","paro_normalizado_2003":"0.28089230799999987","paro_normalizado_2004":"-0.5256000000000003","paro_normalizado_2005":"0.437938462","paro_normalizado_2006":"0.8053230769999997","paro_normalizado_2007":"1.4955090740000005","paro_normalizado_2008":"2.53800738","paro_normalizado_2009":"1.7811193109999994","paro_normalizado_1996_max":"33.292523077","paro_normalizado_1996_min":"-5.107476923","paro_normalizado_1997_max":"14.272307692000002","paro_normalizado_1997_min":"-3.9276923079999997","paro_normalizado_1998_max":"13.033138461999998","paro_normalizado_1998_min":"-3.866861538","paro_normalizado_1999_max":"10.071846154","paro_normalizado_1999_min":"-3.128153846","paro_normalizado_2000_max":"11.371507692","paro_normalizado_2000_min":"-3.128492308","paro_normalizado_2001_max":"10.569292308","paro_normalizado_2001_min":"-3.030707692","paro_normalizado_2002_max":"7.9223076919999995","paro_normalizado_2002_min":"-3.177692308","paro_normalizado_2003_max":"8.080892308000001","paro_normalizado_2003_min":"-3.219107692","paro_normalizado_2004_max":"10.0744","paro_normalizado_2004_min":"-3.3256","paro_normalizado_2005_max":"9.637938462","paro_normalizado_2005_min":"-3.562061538","paro_normalizado_2006_max":"10.105323077","paro_normalizado_2006_min":"-3.594676923","paro_normalizado_2007_max":"11.595509074","paro_normalizado_2007_min":"-3.404490926","paro_normalizado_2008_max":"12.53800738","paro_normalizado_2008_min":"-3.96199262","paro_normalizado_2009_max":"14.781119311000001","paro_normalizado_2009_min":"-5.718880689000001"}},{"id":73,"year":2007,"data":{"censo_total":2728,"percen_participacion":78,"primer_partido_percent":48,"primer_partido_name":"PP","segundo_partido_percent":40,"segundo_partido_name":"PSOE","tercer_partido_percent":8,"tercer_partido_name":"IU","otros_partido_percent":0,"center_longitude":-2.4556826,"center_latitude":36.9258636,"paro_normalizado_1996":"-1.407476923","paro_normalizado_1997":"-0.027692307999999777","paro_normalizado_1998":"0.1331384619999998","paro_normalizado_1999":"0.2718461539999999","paro_normalizado_2000":"0.6715076919999996","paro_normalizado_2001":"0.2692923079999998","paro_normalizado_2002":"0.22230769199999978","paro_normalizado_2003":"0.28089230799999987","paro_normalizado_2004":"-0.5256000000000003","paro_normalizado_2005":"0.437938462","paro_normalizado_2006":"0.8053230769999997","paro_normalizado_2007":"1.4955090740000005","paro_normalizado_2008":"2.53800738","paro_normalizado_2009":"1.7811193109999994","paro_normalizado_1996_max":"33.292523077","paro_normalizado_1996_min":"-5.107476923","paro_normalizado_1997_max":"14.272307692000002","paro_normalizado_1997_min":"-3.9276923079999997","paro_normalizado_1998_max":"13.033138461999998","paro_normalizado_1998_min":"-3.866861538","paro_normalizado_1999_max":"10.071846154","paro_normalizado_1999_min":"-3.128153846","paro_normalizado_2000_max":"11.371507692","paro_normalizado_2000_min":"-3.128492308","paro_normalizado_2001_max":"10.569292308","paro_normalizado_2001_min":"-3.030707692","paro_normalizado_2002_max":"7.9223076919999995","paro_normalizado_2002_min":"-3.177692308","paro_normalizado_2003_max":"8.080892308000001","paro_normalizado_2003_min":"-3.219107692","paro_normalizado_2004_max":"10.0744","paro_normalizado_2004_min":"-3.3256","paro_normalizado_2005_max":"9.637938462","paro_normalizado_2005_min":"-3.562061538","paro_normalizado_2006_max":"10.105323077","paro_normalizado_2006_min":"-3.594676923","paro_normalizado_2007_max":"11.595509074","paro_normalizado_2007_min":"-3.404490926","paro_normalizado_2008_max":"12.53800738","paro_normalizado_2008_min":"-3.96199262","paro_normalizado_2009_max":"14.781119311000001","paro_normalizado_2009_min":"-5.718880689000001"}}]