{"id":9291,"google_maps_name":"04410 Benahadux, España","name":"Benahadux","center_longitude":-2.4556826,"center_latitude":36.9258636,"variables":{"paro_normalizado":{"max_year":2009,"min_year":1996}},"provincia":"Almería","data":{"1996":{"paro_normalizado":"-1.407476923","paro_normalizado_max":"33.292523077","paro_normalizado_min":"-5.107476923","censo_total":1439,"percen_participacion":88,"primer_partido_percent":64,"primer_partido_name":"IU","segundo_partido_percent":24,"segundo_partido_name":"PSOE","tercer_partido_percent":10,"tercer_partido_name":"AP","otros_partido_percent":0},"1997":{"paro_normalizado":"-0.027692307999999777","paro_normalizado_max":"14.272307692000002","paro_normalizado_min":"-3.9276923079999997","censo_total":1439,"percen_participacion":88,"primer_partido_percent":64,"primer_partido_name":"IU","segundo_partido_percent":24,"segundo_partido_name":"PSOE","tercer_partido_percent":10,"tercer_partido_name":"AP","otros_partido_percent":0},"1998":{"paro_normalizado":"0.1331384619999998","paro_normalizado_max":"13.033138461999998","paro_normalizado_min":"-3.866861538","censo_total":1439,"percen_participacion":88,"primer_partido_percent":64,"primer_partido_name":"IU","segundo_partido_percent":24,"segundo_partido_name":"PSOE","tercer_partido_percent":10,"tercer_partido_name":"AP","otros_partido_percent":0},"1999":{"paro_normalizado":"0.2718461539999999","paro_normalizado_max":"10.071846154","paro_normalizado_min":"-3.128153846","censo_total":1439,"percen_participacion":88,"primer_partido_percent":64,"primer_partido_name":"IU","segundo_partido_percent":24,"segundo_partido_name":"PSOE","tercer_partido_percent":10,"tercer_partido_name":"AP","otros_partido_percent":0},"2000":{"paro_normalizado":"0.6715076919999996","paro_normalizado_max":"11.371507692","paro_normalizado_min":"-3.128492308","censo_total":1439,"percen_participacion":88,"primer_partido_percent":64,"primer_partido_name":"IU","segundo_partido_percent":24,"segundo_partido_name":"PSOE","tercer_partido_percent":10,"tercer_partido_name":"AP","otros_partido_percent":0},"2001":{"paro_normalizado":"0.2692923079999998","paro_normalizado_max":"10.569292308","paro_normalizado_min":"-3.030707692","censo_total":1439,"percen_participacion":88,"primer_partido_percent":64,"primer_partido_name":"IU","segundo_partido_percent":24,"segundo_partido_name":"PSOE","tercer_partido_percent":10,"tercer_partido_name":"AP","otros_partido_percent":0},"2002":{"paro_normalizado":"0.22230769199999978","paro_normalizado_max":"7.9223076919999995","paro_normalizado_min":"-3.177692308","censo_total":1439,"percen_participacion":88,"primer_partido_percent":64,"primer_partido_name":"IU","segundo_partido_percent":24,"segundo_partido_name":"PSOE","tercer_partido_percent":10,"tercer_partido_name":"AP","otros_partido_percent":0},"2003":{"paro_normalizado":"0.28089230799999987","paro_normalizado_max":"8.080892308000001","paro_normalizado_min":"-3.219107692","censo_total":1439,"percen_participacion":88,"primer_partido_percent":64,"primer_partido_name":"IU","segundo_partido_percent":24,"segundo_partido_name":"PSOE","tercer_partido_percent":10,"tercer_partido_name":"AP","otros_partido_percent":0},"2004":{"paro_normalizado":"-0.5256000000000003","paro_normalizado_max":"10.0744","paro_normalizado_min":"-3.3256","censo_total":1439,"percen_participacion":88,"primer_partido_percent":64,"primer_partido_name":"IU","segundo_partido_percent":24,"segundo_partido_name":"PSOE","tercer_partido_percent":10,"tercer_partido_name":"AP","otros_partido_percent":0},"2005":{"paro_normalizado":"0.437938462","paro_normalizado_max":"9.637938462","paro_normalizado_min":"-3.562061538","censo_total":1439,"percen_participacion":88,"primer_partido_percent":64,"primer_partido_name":"IU","segundo_partido_percent":24,"segundo_partido_name":"PSOE","tercer_partido_percent":10,"tercer_partido_name":"AP","otros_partido_percent":0},"2006":{"paro_normalizado":"0.8053230769999997","paro_normalizado_max":"10.105323077","paro_normalizado_min":"-3.594676923","censo_total":1439,"percen_participacion":88,"primer_partido_percent":64,"primer_partido_name":"IU","segundo_partido_percent":24,"segundo_partido_name":"PSOE","tercer_partido_percent":10,"tercer_partido_name":"AP","otros_partido_percent":0},"2007":{"paro_normalizado":"1.4955090740000005","paro_normalizado_max":"11.595509074","paro_normalizado_min":"-3.404490926","censo_total":1439,"percen_participacion":88,"primer_partido_percent":64,"primer_partido_name":"IU","segundo_partido_percent":24,"segundo_partido_name":"PSOE","tercer_partido_percent":10,"tercer_partido_name":"AP","otros_partido_percent":0},"2008":{"paro_normalizado":"2.53800738","paro_normalizado_max":"12.53800738","paro_normalizado_min":"-3.96199262","censo_total":1439,"percen_participacion":88,"primer_partido_percent":64,"primer_partido_name":"IU","segundo_partido_percent":24,"segundo_partido_name":"PSOE","tercer_partido_percent":10,"tercer_partido_name":"AP","otros_partido_percent":0},"2009":{"paro_normalizado":"1.7811193109999994","paro_normalizado_max":"14.781119311000001","paro_normalizado_min":"-5.718880689000001","censo_total":1439,"percen_participacion":88,"primer_partido_percent":64,"primer_partido_name":"IU","segundo_partido_percent":24,"segundo_partido_name":"PSOE","tercer_partido_percent":10,"tercer_partido_name":"AP","otros_partido_percent":0}}}