[{"id":68,"year":1987,"data":{"censo_total":3719,"percen_participacion":73,"primer_partido_percent":48,"primer_partido_name":"PSOE","segundo_partido_percent":30,"segundo_partido_name":"CDS","tercer_partido_percent":20,"tercer_partido_name":"AP","otros_partido_percent":0,"center_longitude":-2.2981211,"center_latitude":37.3521187,"paro_normalizado_1996":"-2.407476923","paro_normalizado_1997":"-2.5276923079999998","paro_normalizado_1998":"-2.4668615380000003","paro_normalizado_1999":"-2.5281538460000004","paro_normalizado_2000":"-1.9284923080000003","paro_normalizado_2001":"-1.630707692","paro_normalizado_2002":"-1.077692308","paro_normalizado_2003":"-1.7191076920000001","paro_normalizado_2004":"-1.3256000000000001","paro_normalizado_2005":"-1.1620615380000001","paro_normalizado_2006":"-0.09467692300000019","paro_normalizado_2007":"0.7955090740000004","paro_normalizado_2008":"1.5380073799999998","paro_normalizado_2009":"4.581119311","paro_normalizado_1996_max":"33.292523077","paro_normalizado_1996_min":"-5.107476923","paro_normalizado_1997_max":"14.272307692000002","paro_normalizado_1997_min":"-3.9276923079999997","paro_normalizado_1998_max":"13.033138461999998","paro_normalizado_1998_min":"-3.866861538","paro_normalizado_1999_max":"10.071846154","paro_normalizado_1999_min":"-3.128153846","paro_normalizado_2000_max":"11.371507692","paro_normalizado_2000_min":"-3.128492308","paro_normalizado_2001_max":"10.569292308","paro_normalizado_2001_min":"-3.030707692","paro_normalizado_2002_max":"7.9223076919999995","paro_normalizado_2002_min":"-3.177692308","paro_normalizado_2003_max":"8.080892308000001","paro_normalizado_2003_min":"-3.219107692","paro_normalizado_2004_max":"10.0744","paro_normalizado_2004_min":"-3.3256","paro_normalizado_2005_max":"9.637938462","paro_normalizado_2005_min":"-3.562061538","paro_normalizado_2006_max":"10.105323077","paro_normalizado_2006_min":"-3.594676923","paro_normalizado_2007_max":"11.595509074","paro_normalizado_2007_min":"-3.404490926","paro_normalizado_2008_max":"12.53800738","paro_normalizado_2008_min":"-3.96199262","paro_normalizado_2009_max":"14.781119311000001","paro_normalizado_2009_min":"-5.718880689000001"}},{"id":69,"year":1991,"data":{"censo_total":3940,"percen_participacion":78,"primer_partido_percent":55,"primer_partido_name":"PA","segundo_partido_percent":24,"segundo_partido_name":"PSOE","tercer_partido_percent":12,"tercer_partido_name":"PP","otros_partido_percent":0,"center_longitude":-2.2981211,"center_latitude":37.3521187,"paro_normalizado_1996":"-2.407476923","paro_normalizado_1997":"-2.5276923079999998","paro_normalizado_1998":"-2.4668615380000003","paro_normalizado_1999":"-2.5281538460000004","paro_normalizado_2000":"-1.9284923080000003","paro_normalizado_2001":"-1.630707692","paro_normalizado_2002":"-1.077692308","paro_normalizado_2003":"-1.7191076920000001","paro_normalizado_2004":"-1.3256000000000001","paro_normalizado_2005":"-1.1620615380000001","paro_normalizado_2006":"-0.09467692300000019","paro_normalizado_2007":"0.7955090740000004","paro_normalizado_2008":"1.5380073799999998","paro_normalizado_2009":"4.581119311","paro_normalizado_1996_max":"33.292523077","paro_normalizado_1996_min":"-5.107476923","paro_normalizado_1997_max":"14.272307692000002","paro_normalizado_1997_min":"-3.9276923079999997","paro_normalizado_1998_max":"13.033138461999998","paro_normalizado_1998_min":"-3.866861538","paro_normalizado_1999_max":"10.071846154","paro_normalizado_1999_min":"-3.128153846","paro_normalizado_2000_max":"11.371507692","paro_normalizado_2000_min":"-3.128492308","paro_normalizado_2001_max":"10.569292308","paro_normalizado_2001_min":"-3.030707692","paro_normalizado_2002_max":"7.9223076919999995","paro_normalizado_2002_min":"-3.177692308","paro_normalizado_2003_max":"8.080892308000001","paro_normalizado_2003_min":"-3.219107692","paro_normalizado_2004_max":"10.0744","paro_normalizado_2004_min":"-3.3256","paro_normalizado_2005_max":"9.637938462","paro_normalizado_2005_min":"-3.562061538","paro_normalizado_2006_max":"10.105323077","paro_normalizado_2006_min":"-3.594676923","paro_normalizado_2007_max":"11.595509074","paro_normalizado_2007_min":"-3.404490926","paro_normalizado_2008_max":"12.53800738","paro_normalizado_2008_min":"-3.96199262","paro_normalizado_2009_max":"14.781119311000001","paro_normalizado_2009_min":"-5.718880689000001"}},{"id":70,"year":1995,"data":{"censo_total":4396,"percen_participacion":75,"primer_partido_percent":54,"primer_partido_name":"PP","segundo_partido_percent":32,"segundo_partido_name":"PSOE","tercer_partido_percent":11,"tercer_partido_name":"IU","otros_partido_percent":0,"center_longitude":-2.2981211,"center_latitude":37.3521187,"paro_normalizado_1996":"-2.407476923","paro_normalizado_1997":"-2.5276923079999998","paro_normalizado_1998":"-2.4668615380000003","paro_normalizado_1999":"-2.5281538460000004","paro_normalizado_2000":"-1.9284923080000003","paro_normalizado_2001":"-1.630707692","paro_normalizado_2002":"-1.077692308","paro_normalizado_2003":"-1.7191076920000001","paro_normalizado_2004":"-1.3256000000000001","paro_normalizado_2005":"-1.1620615380000001","paro_normalizado_2006":"-0.09467692300000019","paro_normalizado_2007":"0.7955090740000004","paro_normalizado_2008":"1.5380073799999998","paro_normalizado_2009":"4.581119311","paro_normalizado_1996_max":"33.292523077","paro_normalizado_1996_min":"-5.107476923","paro_normalizado_1997_max":"14.272307692000002","paro_normalizado_1997_min":"-3.9276923079999997","paro_normalizado_1998_max":"13.033138461999998","paro_normalizado_1998_min":"-3.866861538","paro_normalizado_1999_max":"10.071846154","paro_normalizado_1999_min":"-3.128153846","paro_normalizado_2000_max":"11.371507692","paro_normalizado_2000_min":"-3.128492308","paro_normalizado_2001_max":"10.569292308","paro_normalizado_2001_min":"-3.030707692","paro_normalizado_2002_max":"7.9223076919999995","paro_normalizado_2002_min":"-3.177692308","paro_normalizado_2003_max":"8.080892308000001","paro_normalizado_2003_min":"-3.219107692","paro_normalizado_2004_max":"10.0744","paro_normalizado_2004_min":"-3.3256","paro_normalizado_2005_max":"9.637938462","paro_normalizado_2005_min":"-3.562061538","paro_normalizado_2006_max":"10.105323077","paro_normalizado_2006_min":"-3.594676923","paro_normalizado_2007_max":"11.595509074","paro_normalizado_2007_min":"-3.404490926","paro_normalizado_2008_max":"12.53800738","paro_normalizado_2008_min":"-3.96199262","paro_normalizado_2009_max":"14.781119311000001","paro_normalizado_2009_min":"-5.718880689000001"}},{"id":71,"year":1999,"data":{"censo_total":4721,"percen_participacion":72,"primer_partido_percent":54,"primer_partido_name":"PP","segundo_partido_percent":41,"segundo_partido_name":"PSOE","tercer_partido_percent":2,"tercer_partido_name":"IU","otros_partido_percent":0,"center_longitude":-2.2981211,"center_latitude":37.3521187,"paro_normalizado_1996":"-2.407476923","paro_normalizado_1997":"-2.5276923079999998","paro_normalizado_1998":"-2.4668615380000003","paro_normalizado_1999":"-2.5281538460000004","paro_normalizado_2000":"-1.9284923080000003","paro_normalizado_2001":"-1.630707692","paro_normalizado_2002":"-1.077692308","paro_normalizado_2003":"-1.7191076920000001","paro_normalizado_2004":"-1.3256000000000001","paro_normalizado_2005":"-1.1620615380000001","paro_normalizado_2006":"-0.09467692300000019","paro_normalizado_2007":"0.7955090740000004","paro_normalizado_2008":"1.5380073799999998","paro_normalizado_2009":"4.581119311","paro_normalizado_1996_max":"33.292523077","paro_normalizado_1996_min":"-5.107476923","paro_normalizado_1997_max":"14.272307692000002","paro_normalizado_1997_min":"-3.9276923079999997","paro_normalizado_1998_max":"13.033138461999998","paro_normalizado_1998_min":"-3.866861538","paro_normalizado_1999_max":"10.071846154","paro_normalizado_1999_min":"-3.128153846","paro_normalizado_2000_max":"11.371507692","paro_normalizado_2000_min":"-3.128492308","paro_normalizado_2001_max":"10.569292308","paro_normalizado_2001_min":"-3.030707692","paro_normalizado_2002_max":"7.9223076919999995","paro_normalizado_2002_min":"-3.177692308","paro_normalizado_2003_max":"8.080892308000001","paro_normalizado_2003_min":"-3.219107692","paro_normalizado_2004_max":"10.0744","paro_normalizado_2004_min":"-3.3256","paro_normalizado_2005_max":"9.637938462","paro_normalizado_2005_min":"-3.562061538","paro_normalizado_2006_max":"10.105323077","paro_normalizado_2006_min":"-3.594676923","paro_normalizado_2007_max":"11.595509074","paro_normalizado_2007_min":"-3.404490926","paro_normalizado_2008_max":"12.53800738","paro_normalizado_2008_min":"-3.96199262","paro_normalizado_2009_max":"14.781119311000001","paro_normalizado_2009_min":"-5.718880689000001"}},{"id":72,"year":2003,"data":{"censo_total":4812,"percen_participacion":79,"primer_partido_percent":58,"primer_partido_name":"PSOE","segundo_partido_percent":37,"segundo_partido_name":"PP","tercer_partido_percent":2,"tercer_partido_name":"A-IZ","otros_partido_percent":0,"center_longitude":-2.2981211,"center_latitude":37.3521187,"paro_normalizado_1996":"-2.407476923","paro_normalizado_1997":"-2.5276923079999998","paro_normalizado_1998":"-2.4668615380000003","paro_normalizado_1999":"-2.5281538460000004","paro_normalizado_2000":"-1.9284923080000003","paro_normalizado_2001":"-1.630707692","paro_normalizado_2002":"-1.077692308","paro_normalizado_2003":"-1.7191076920000001","paro_normalizado_2004":"-1.3256000000000001","paro_normalizado_2005":"-1.1620615380000001","paro_normalizado_2006":"-0.09467692300000019","paro_normalizado_2007":"0.7955090740000004","paro_normalizado_2008":"1.5380073799999998","paro_normalizado_2009":"4.581119311","paro_normalizado_1996_max":"33.292523077","paro_normalizado_1996_min":"-5.107476923","paro_normalizado_1997_max":"14.272307692000002","paro_normalizado_1997_min":"-3.9276923079999997","paro_normalizado_1998_max":"13.033138461999998","paro_normalizado_1998_min":"-3.866861538","paro_normalizado_1999_max":"10.071846154","paro_normalizado_1999_min":"-3.128153846","paro_normalizado_2000_max":"11.371507692","paro_normalizado_2000_min":"-3.128492308","paro_normalizado_2001_max":"10.569292308","paro_normalizado_2001_min":"-3.030707692","paro_normalizado_2002_max":"7.9223076919999995","paro_normalizado_2002_min":"-3.177692308","paro_normalizado_2003_max":"8.080892308000001","paro_normalizado_2003_min":"-3.219107692","paro_normalizado_2004_max":"10.0744","paro_normalizado_2004_min":"-3.3256","paro_normalizado_2005_max":"9.637938462","paro_normalizado_2005_min":"-3.562061538","paro_normalizado_2006_max":"10.105323077","paro_normalizado_2006_min":"-3.594676923","paro_normalizado_2007_max":"11.595509074","paro_normalizado_2007_min":"-3.404490926","paro_normalizado_2008_max":"12.53800738","paro_normalizado_2008_min":"-3.96199262","paro_normalizado_2009_max":"14.781119311000001","paro_normalizado_2009_min":"-5.718880689000001"}},{"id":73,"year":2007,"data":{"censo_total":4936,"percen_participacion":76,"primer_partido_percent":61,"primer_partido_name":"PSOE","segundo_partido_percent":24,"segundo_partido_name":"PP","tercer_partido_percent":10,"tercer_partido_name":"AEASDO","otros_partido_percent":0,"center_longitude":-2.2981211,"center_latitude":37.3521187,"paro_normalizado_1996":"-2.407476923","paro_normalizado_1997":"-2.5276923079999998","paro_normalizado_1998":"-2.4668615380000003","paro_normalizado_1999":"-2.5281538460000004","paro_normalizado_2000":"-1.9284923080000003","paro_normalizado_2001":"-1.630707692","paro_normalizado_2002":"-1.077692308","paro_normalizado_2003":"-1.7191076920000001","paro_normalizado_2004":"-1.3256000000000001","paro_normalizado_2005":"-1.1620615380000001","paro_normalizado_2006":"-0.09467692300000019","paro_normalizado_2007":"0.7955090740000004","paro_normalizado_2008":"1.5380073799999998","paro_normalizado_2009":"4.581119311","paro_normalizado_1996_max":"33.292523077","paro_normalizado_1996_min":"-5.107476923","paro_normalizado_1997_max":"14.272307692000002","paro_normalizado_1997_min":"-3.9276923079999997","paro_normalizado_1998_max":"13.033138461999998","paro_normalizado_1998_min":"-3.866861538","paro_normalizado_1999_max":"10.071846154","paro_normalizado_1999_min":"-3.128153846","paro_normalizado_2000_max":"11.371507692","paro_normalizado_2000_min":"-3.128492308","paro_normalizado_2001_max":"10.569292308","paro_normalizado_2001_min":"-3.030707692","paro_normalizado_2002_max":"7.9223076919999995","paro_normalizado_2002_min":"-3.177692308","paro_normalizado_2003_max":"8.080892308000001","paro_normalizado_2003_min":"-3.219107692","paro_normalizado_2004_max":"10.0744","paro_normalizado_2004_min":"-3.3256","paro_normalizado_2005_max":"9.637938462","paro_normalizado_2005_min":"-3.562061538","paro_normalizado_2006_max":"10.105323077","paro_normalizado_2006_min":"-3.594676923","paro_normalizado_2007_max":"11.595509074","paro_normalizado_2007_min":"-3.404490926","paro_normalizado_2008_max":"12.53800738","paro_normalizado_2008_min":"-3.96199262","paro_normalizado_2009_max":"14.781119311000001","paro_normalizado_2009_min":"-5.718880689000001"}}]