{"id":9233,"google_maps_name":"04867 Macael, España","name":"Macael","center_longitude":-2.3048916,"center_latitude":37.3322913,"variables":{"paro_normalizado":{"max_year":2009,"min_year":1996}},"provincia":"Almería","data":{"1996":{"paro_normalizado":"-3.007476923","paro_normalizado_max":"33.292523077","paro_normalizado_min":"-5.107476923","censo_total":3840,"percen_participacion":73,"primer_partido_percent":59,"primer_partido_name":"PSOE","segundo_partido_percent":31,"segundo_partido_name":"AP","tercer_partido_percent":7,"tercer_partido_name":"IU","otros_partido_percent":0},"1997":{"paro_normalizado":"-3.1276923079999994","paro_normalizado_max":"14.272307692000002","paro_normalizado_min":"-3.9276923079999997","censo_total":3840,"percen_participacion":73,"primer_partido_percent":59,"primer_partido_name":"PSOE","segundo_partido_percent":31,"segundo_partido_name":"AP","tercer_partido_percent":7,"tercer_partido_name":"IU","otros_partido_percent":0},"1998":{"paro_normalizado":"-2.866861538","paro_normalizado_max":"13.033138461999998","paro_normalizado_min":"-3.866861538","censo_total":3840,"percen_participacion":73,"primer_partido_percent":59,"primer_partido_name":"PSOE","segundo_partido_percent":31,"segundo_partido_name":"AP","tercer_partido_percent":7,"tercer_partido_name":"IU","otros_partido_percent":0},"1999":{"paro_normalizado":"-2.628153846","paro_normalizado_max":"10.071846154","paro_normalizado_min":"-3.128153846","censo_total":3840,"percen_participacion":73,"primer_partido_percent":59,"primer_partido_name":"PSOE","segundo_partido_percent":31,"segundo_partido_name":"AP","tercer_partido_percent":7,"tercer_partido_name":"IU","otros_partido_percent":0},"2000":{"paro_normalizado":"-2.128492308","paro_normalizado_max":"11.371507692","paro_normalizado_min":"-3.128492308","censo_total":3840,"percen_participacion":73,"primer_partido_percent":59,"primer_partido_name":"PSOE","segundo_partido_percent":31,"segundo_partido_name":"AP","tercer_partido_percent":7,"tercer_partido_name":"IU","otros_partido_percent":0},"2001":{"paro_normalizado":"-2.030707692","paro_normalizado_max":"10.569292308","paro_normalizado_min":"-3.030707692","censo_total":3840,"percen_participacion":73,"primer_partido_percent":59,"primer_partido_name":"PSOE","segundo_partido_percent":31,"segundo_partido_name":"AP","tercer_partido_percent":7,"tercer_partido_name":"IU","otros_partido_percent":0},"2002":{"paro_normalizado":"-1.6776923080000001","paro_normalizado_max":"7.9223076919999995","paro_normalizado_min":"-3.177692308","censo_total":3840,"percen_participacion":73,"primer_partido_percent":59,"primer_partido_name":"PSOE","segundo_partido_percent":31,"segundo_partido_name":"AP","tercer_partido_percent":7,"tercer_partido_name":"IU","otros_partido_percent":0},"2003":{"paro_normalizado":"-2.0191076920000004","paro_normalizado_max":"8.080892308000001","paro_normalizado_min":"-3.219107692","censo_total":3840,"percen_participacion":73,"primer_partido_percent":59,"primer_partido_name":"PSOE","segundo_partido_percent":31,"segundo_partido_name":"AP","tercer_partido_percent":7,"tercer_partido_name":"IU","otros_partido_percent":0},"2004":{"paro_normalizado":"-1.9256000000000002","paro_normalizado_max":"10.0744","paro_normalizado_min":"-3.3256","censo_total":3840,"percen_participacion":73,"primer_partido_percent":59,"primer_partido_name":"PSOE","segundo_partido_percent":31,"segundo_partido_name":"AP","tercer_partido_percent":7,"tercer_partido_name":"IU","otros_partido_percent":0},"2005":{"paro_normalizado":"-1.562061538","paro_normalizado_max":"9.637938462","paro_normalizado_min":"-3.562061538","censo_total":3840,"percen_participacion":73,"primer_partido_percent":59,"primer_partido_name":"PSOE","segundo_partido_percent":31,"segundo_partido_name":"AP","tercer_partido_percent":7,"tercer_partido_name":"IU","otros_partido_percent":0},"2006":{"paro_normalizado":"-0.7946769229999999","paro_normalizado_max":"10.105323077","paro_normalizado_min":"-3.594676923","censo_total":3840,"percen_participacion":73,"primer_partido_percent":59,"primer_partido_name":"PSOE","segundo_partido_percent":31,"segundo_partido_name":"AP","tercer_partido_percent":7,"tercer_partido_name":"IU","otros_partido_percent":0},"2007":{"paro_normalizado":"-0.3044909259999997","paro_normalizado_max":"11.595509074","paro_normalizado_min":"-3.404490926","censo_total":3840,"percen_participacion":73,"primer_partido_percent":59,"primer_partido_name":"PSOE","segundo_partido_percent":31,"segundo_partido_name":"AP","tercer_partido_percent":7,"tercer_partido_name":"IU","otros_partido_percent":0},"2008":{"paro_normalizado":"0.73800738","paro_normalizado_max":"12.53800738","paro_normalizado_min":"-3.96199262","censo_total":3840,"percen_participacion":73,"primer_partido_percent":59,"primer_partido_name":"PSOE","segundo_partido_percent":31,"segundo_partido_name":"AP","tercer_partido_percent":7,"tercer_partido_name":"IU","otros_partido_percent":0},"2009":{"paro_normalizado":"3.681119311","paro_normalizado_max":"14.781119311000001","paro_normalizado_min":"-5.718880689000001","censo_total":3840,"percen_participacion":73,"primer_partido_percent":59,"primer_partido_name":"PSOE","segundo_partido_percent":31,"segundo_partido_name":"AP","tercer_partido_percent":7,"tercer_partido_name":"IU","otros_partido_percent":0}}}