[{"id":68,"year":1987,"data":{"censo_total":1098,"percen_participacion":79,"primer_partido_percent":63,"primer_partido_name":"CDS","segundo_partido_percent":23,"segundo_partido_name":"PSOE","tercer_partido_percent":8,"tercer_partido_name":"IU","otros_partido_percent":0,"center_longitude":-4.9061353,"center_latitude":40.5536258,"paro_normalizado_1996":null,"paro_normalizado_1997":null,"paro_normalizado_1998":null,"paro_normalizado_1999":null,"paro_normalizado_2000":null,"paro_normalizado_2001":null,"paro_normalizado_2002":null,"paro_normalizado_2003":null,"paro_normalizado_2004":null,"paro_normalizado_2005":null,"paro_normalizado_2006":null,"paro_normalizado_2007":null,"paro_normalizado_2008":null,"paro_normalizado_2009":null,"paro_normalizado_1996_max":"33.292523077","paro_normalizado_1996_min":"-5.107476923","paro_normalizado_1997_max":"14.272307692000002","paro_normalizado_1997_min":"-3.9276923079999997","paro_normalizado_1998_max":"13.033138461999998","paro_normalizado_1998_min":"-3.866861538","paro_normalizado_1999_max":"10.071846154","paro_normalizado_1999_min":"-3.128153846","paro_normalizado_2000_max":"11.371507692","paro_normalizado_2000_min":"-3.128492308","paro_normalizado_2001_max":"10.569292308","paro_normalizado_2001_min":"-3.030707692","paro_normalizado_2002_max":"7.9223076919999995","paro_normalizado_2002_min":"-3.177692308","paro_normalizado_2003_max":"8.080892308000001","paro_normalizado_2003_min":"-3.219107692","paro_normalizado_2004_max":"10.0744","paro_normalizado_2004_min":"-3.3256","paro_normalizado_2005_max":"9.637938462","paro_normalizado_2005_min":"-3.562061538","paro_normalizado_2006_max":"10.105323077","paro_normalizado_2006_min":"-3.594676923","paro_normalizado_2007_max":"11.595509074","paro_normalizado_2007_min":"-3.404490926","paro_normalizado_2008_max":"12.53800738","paro_normalizado_2008_min":"-3.96199262","paro_normalizado_2009_max":"14.781119311000001","paro_normalizado_2009_min":"-5.718880689000001"}},{"id":69,"year":1991,"data":{"censo_total":1070,"percen_participacion":76,"primer_partido_percent":44,"primer_partido_name":"CDS","segundo_partido_percent":31,"segundo_partido_name":"PSOE","tercer_partido_percent":14,"tercer_partido_name":"CIR","otros_partido_percent":0,"center_longitude":-4.9061353,"center_latitude":40.5536258,"paro_normalizado_1996":null,"paro_normalizado_1997":null,"paro_normalizado_1998":null,"paro_normalizado_1999":null,"paro_normalizado_2000":null,"paro_normalizado_2001":null,"paro_normalizado_2002":null,"paro_normalizado_2003":null,"paro_normalizado_2004":null,"paro_normalizado_2005":null,"paro_normalizado_2006":null,"paro_normalizado_2007":null,"paro_normalizado_2008":null,"paro_normalizado_2009":null,"paro_normalizado_1996_max":"33.292523077","paro_normalizado_1996_min":"-5.107476923","paro_normalizado_1997_max":"14.272307692000002","paro_normalizado_1997_min":"-3.9276923079999997","paro_normalizado_1998_max":"13.033138461999998","paro_normalizado_1998_min":"-3.866861538","paro_normalizado_1999_max":"10.071846154","paro_normalizado_1999_min":"-3.128153846","paro_normalizado_2000_max":"11.371507692","paro_normalizado_2000_min":"-3.128492308","paro_normalizado_2001_max":"10.569292308","paro_normalizado_2001_min":"-3.030707692","paro_normalizado_2002_max":"7.9223076919999995","paro_normalizado_2002_min":"-3.177692308","paro_normalizado_2003_max":"8.080892308000001","paro_normalizado_2003_min":"-3.219107692","paro_normalizado_2004_max":"10.0744","paro_normalizado_2004_min":"-3.3256","paro_normalizado_2005_max":"9.637938462","paro_normalizado_2005_min":"-3.562061538","paro_normalizado_2006_max":"10.105323077","paro_normalizado_2006_min":"-3.594676923","paro_normalizado_2007_max":"11.595509074","paro_normalizado_2007_min":"-3.404490926","paro_normalizado_2008_max":"12.53800738","paro_normalizado_2008_min":"-3.96199262","paro_normalizado_2009_max":"14.781119311000001","paro_normalizado_2009_min":"-5.718880689000001"}},{"id":70,"year":1995,"data":{"censo_total":944,"percen_participacion":87,"primer_partido_percent":45,"primer_partido_name":"PP","segundo_partido_percent":40,"segundo_partido_name":"PSOE","tercer_partido_percent":9,"tercer_partido_name":"AIAV","otros_partido_percent":0,"center_longitude":-4.9061353,"center_latitude":40.5536258,"paro_normalizado_1996":null,"paro_normalizado_1997":null,"paro_normalizado_1998":null,"paro_normalizado_1999":null,"paro_normalizado_2000":null,"paro_normalizado_2001":null,"paro_normalizado_2002":null,"paro_normalizado_2003":null,"paro_normalizado_2004":null,"paro_normalizado_2005":null,"paro_normalizado_2006":null,"paro_normalizado_2007":null,"paro_normalizado_2008":null,"paro_normalizado_2009":null,"paro_normalizado_1996_max":"33.292523077","paro_normalizado_1996_min":"-5.107476923","paro_normalizado_1997_max":"14.272307692000002","paro_normalizado_1997_min":"-3.9276923079999997","paro_normalizado_1998_max":"13.033138461999998","paro_normalizado_1998_min":"-3.866861538","paro_normalizado_1999_max":"10.071846154","paro_normalizado_1999_min":"-3.128153846","paro_normalizado_2000_max":"11.371507692","paro_normalizado_2000_min":"-3.128492308","paro_normalizado_2001_max":"10.569292308","paro_normalizado_2001_min":"-3.030707692","paro_normalizado_2002_max":"7.9223076919999995","paro_normalizado_2002_min":"-3.177692308","paro_normalizado_2003_max":"8.080892308000001","paro_normalizado_2003_min":"-3.219107692","paro_normalizado_2004_max":"10.0744","paro_normalizado_2004_min":"-3.3256","paro_normalizado_2005_max":"9.637938462","paro_normalizado_2005_min":"-3.562061538","paro_normalizado_2006_max":"10.105323077","paro_normalizado_2006_min":"-3.594676923","paro_normalizado_2007_max":"11.595509074","paro_normalizado_2007_min":"-3.404490926","paro_normalizado_2008_max":"12.53800738","paro_normalizado_2008_min":"-3.96199262","paro_normalizado_2009_max":"14.781119311000001","paro_normalizado_2009_min":"-5.718880689000001"}},{"id":71,"year":1999,"data":{"censo_total":956,"percen_participacion":85,"primer_partido_percent":46,"primer_partido_name":"PSOE","segundo_partido_percent":38,"segundo_partido_name":"PP","tercer_partido_percent":8,"tercer_partido_name":"PIU2","otros_partido_percent":0,"center_longitude":-4.9061353,"center_latitude":40.5536258,"paro_normalizado_1996":null,"paro_normalizado_1997":null,"paro_normalizado_1998":null,"paro_normalizado_1999":null,"paro_normalizado_2000":null,"paro_normalizado_2001":null,"paro_normalizado_2002":null,"paro_normalizado_2003":null,"paro_normalizado_2004":null,"paro_normalizado_2005":null,"paro_normalizado_2006":null,"paro_normalizado_2007":null,"paro_normalizado_2008":null,"paro_normalizado_2009":null,"paro_normalizado_1996_max":"33.292523077","paro_normalizado_1996_min":"-5.107476923","paro_normalizado_1997_max":"14.272307692000002","paro_normalizado_1997_min":"-3.9276923079999997","paro_normalizado_1998_max":"13.033138461999998","paro_normalizado_1998_min":"-3.866861538","paro_normalizado_1999_max":"10.071846154","paro_normalizado_1999_min":"-3.128153846","paro_normalizado_2000_max":"11.371507692","paro_normalizado_2000_min":"-3.128492308","paro_normalizado_2001_max":"10.569292308","paro_normalizado_2001_min":"-3.030707692","paro_normalizado_2002_max":"7.9223076919999995","paro_normalizado_2002_min":"-3.177692308","paro_normalizado_2003_max":"8.080892308000001","paro_normalizado_2003_min":"-3.219107692","paro_normalizado_2004_max":"10.0744","paro_normalizado_2004_min":"-3.3256","paro_normalizado_2005_max":"9.637938462","paro_normalizado_2005_min":"-3.562061538","paro_normalizado_2006_max":"10.105323077","paro_normalizado_2006_min":"-3.594676923","paro_normalizado_2007_max":"11.595509074","paro_normalizado_2007_min":"-3.404490926","paro_normalizado_2008_max":"12.53800738","paro_normalizado_2008_min":"-3.96199262","paro_normalizado_2009_max":"14.781119311000001","paro_normalizado_2009_min":"-5.718880689000001"}},{"id":72,"year":2003,"data":{"censo_total":914,"percen_participacion":85,"primer_partido_percent":44,"primer_partido_name":"PP","segundo_partido_percent":42,"segundo_partido_name":"PSOE","tercer_partido_percent":11,"tercer_partido_name":"IU","otros_partido_percent":0,"center_longitude":-4.9061353,"center_latitude":40.5536258,"paro_normalizado_1996":null,"paro_normalizado_1997":null,"paro_normalizado_1998":null,"paro_normalizado_1999":null,"paro_normalizado_2000":null,"paro_normalizado_2001":null,"paro_normalizado_2002":null,"paro_normalizado_2003":null,"paro_normalizado_2004":null,"paro_normalizado_2005":null,"paro_normalizado_2006":null,"paro_normalizado_2007":null,"paro_normalizado_2008":null,"paro_normalizado_2009":null,"paro_normalizado_1996_max":"33.292523077","paro_normalizado_1996_min":"-5.107476923","paro_normalizado_1997_max":"14.272307692000002","paro_normalizado_1997_min":"-3.9276923079999997","paro_normalizado_1998_max":"13.033138461999998","paro_normalizado_1998_min":"-3.866861538","paro_normalizado_1999_max":"10.071846154","paro_normalizado_1999_min":"-3.128153846","paro_normalizado_2000_max":"11.371507692","paro_normalizado_2000_min":"-3.128492308","paro_normalizado_2001_max":"10.569292308","paro_normalizado_2001_min":"-3.030707692","paro_normalizado_2002_max":"7.9223076919999995","paro_normalizado_2002_min":"-3.177692308","paro_normalizado_2003_max":"8.080892308000001","paro_normalizado_2003_min":"-3.219107692","paro_normalizado_2004_max":"10.0744","paro_normalizado_2004_min":"-3.3256","paro_normalizado_2005_max":"9.637938462","paro_normalizado_2005_min":"-3.562061538","paro_normalizado_2006_max":"10.105323077","paro_normalizado_2006_min":"-3.594676923","paro_normalizado_2007_max":"11.595509074","paro_normalizado_2007_min":"-3.404490926","paro_normalizado_2008_max":"12.53800738","paro_normalizado_2008_min":"-3.96199262","paro_normalizado_2009_max":"14.781119311000001","paro_normalizado_2009_min":"-5.718880689000001"}},{"id":73,"year":2007,"data":{"censo_total":873,"percen_participacion":84,"primer_partido_percent":70,"primer_partido_name":"PSOE","segundo_partido_percent":27,"segundo_partido_name":"PP","tercer_partido_percent":0,"tercer_partido_name":"AVEV","otros_partido_percent":0,"center_longitude":-4.9061353,"center_latitude":40.5536258,"paro_normalizado_1996":null,"paro_normalizado_1997":null,"paro_normalizado_1998":null,"paro_normalizado_1999":null,"paro_normalizado_2000":null,"paro_normalizado_2001":null,"paro_normalizado_2002":null,"paro_normalizado_2003":null,"paro_normalizado_2004":null,"paro_normalizado_2005":null,"paro_normalizado_2006":null,"paro_normalizado_2007":null,"paro_normalizado_2008":null,"paro_normalizado_2009":null,"paro_normalizado_1996_max":"33.292523077","paro_normalizado_1996_min":"-5.107476923","paro_normalizado_1997_max":"14.272307692000002","paro_normalizado_1997_min":"-3.9276923079999997","paro_normalizado_1998_max":"13.033138461999998","paro_normalizado_1998_min":"-3.866861538","paro_normalizado_1999_max":"10.071846154","paro_normalizado_1999_min":"-3.128153846","paro_normalizado_2000_max":"11.371507692","paro_normalizado_2000_min":"-3.128492308","paro_normalizado_2001_max":"10.569292308","paro_normalizado_2001_min":"-3.030707692","paro_normalizado_2002_max":"7.9223076919999995","paro_normalizado_2002_min":"-3.177692308","paro_normalizado_2003_max":"8.080892308000001","paro_normalizado_2003_min":"-3.219107692","paro_normalizado_2004_max":"10.0744","paro_normalizado_2004_min":"-3.3256","paro_normalizado_2005_max":"9.637938462","paro_normalizado_2005_min":"-3.562061538","paro_normalizado_2006_max":"10.105323077","paro_normalizado_2006_min":"-3.594676923","paro_normalizado_2007_max":"11.595509074","paro_normalizado_2007_min":"-3.404490926","paro_normalizado_2008_max":"12.53800738","paro_normalizado_2008_min":"-3.96199262","paro_normalizado_2009_max":"14.781119311000001","paro_normalizado_2009_min":"-5.718880689000001"}}]