{"id":16222,"google_maps_name":"06178 Valle de Santa Ana, España","name":"Valle de Santa Ana","center_longitude":-6.7880026,"center_latitude":38.3652777,"variables":{"paro_normalizado":{"max_year":2009,"min_year":1996}},"provincia":"Badajoz","data":{"1996":{"paro_normalizado":"1.7925230770000002","paro_normalizado_max":"33.292523077","paro_normalizado_min":"-5.107476923","censo_total":1093,"percen_participacion":78,"primer_partido_percent":48,"primer_partido_name":"PSOE","segundo_partido_percent":25,"segundo_partido_name":"CDS","tercer_partido_percent":16,"tercer_partido_name":"AP","otros_partido_percent":0},"1997":{"paro_normalizado":"0.772307692","paro_normalizado_max":"14.272307692000002","paro_normalizado_min":"-3.9276923079999997","censo_total":1093,"percen_participacion":78,"primer_partido_percent":48,"primer_partido_name":"PSOE","segundo_partido_percent":25,"segundo_partido_name":"CDS","tercer_partido_percent":16,"tercer_partido_name":"AP","otros_partido_percent":0},"1998":{"paro_normalizado":"1.1331384619999998","paro_normalizado_max":"13.033138461999998","paro_normalizado_min":"-3.866861538","censo_total":1093,"percen_participacion":78,"primer_partido_percent":48,"primer_partido_name":"PSOE","segundo_partido_percent":25,"segundo_partido_name":"CDS","tercer_partido_percent":16,"tercer_partido_name":"AP","otros_partido_percent":0},"1999":{"paro_normalizado":"0.47184615399999963","paro_normalizado_max":"10.071846154","paro_normalizado_min":"-3.128153846","censo_total":1093,"percen_participacion":78,"primer_partido_percent":48,"primer_partido_name":"PSOE","segundo_partido_percent":25,"segundo_partido_name":"CDS","tercer_partido_percent":16,"tercer_partido_name":"AP","otros_partido_percent":0},"2000":{"paro_normalizado":"1.3715076919999998","paro_normalizado_max":"11.371507692","paro_normalizado_min":"-3.128492308","censo_total":1093,"percen_participacion":78,"primer_partido_percent":48,"primer_partido_name":"PSOE","segundo_partido_percent":25,"segundo_partido_name":"CDS","tercer_partido_percent":16,"tercer_partido_name":"AP","otros_partido_percent":0},"2001":{"paro_normalizado":"0.6692923080000002","paro_normalizado_max":"10.569292308","paro_normalizado_min":"-3.030707692","censo_total":1093,"percen_participacion":78,"primer_partido_percent":48,"primer_partido_name":"PSOE","segundo_partido_percent":25,"segundo_partido_name":"CDS","tercer_partido_percent":16,"tercer_partido_name":"AP","otros_partido_percent":0},"2002":{"paro_normalizado":"2.4223076919999995","paro_normalizado_max":"7.9223076919999995","paro_normalizado_min":"-3.177692308","censo_total":1093,"percen_participacion":78,"primer_partido_percent":48,"primer_partido_name":"PSOE","segundo_partido_percent":25,"segundo_partido_name":"CDS","tercer_partido_percent":16,"tercer_partido_name":"AP","otros_partido_percent":0},"2003":{"paro_normalizado":"0.980892308","paro_normalizado_max":"8.080892308000001","paro_normalizado_min":"-3.219107692","censo_total":1093,"percen_participacion":78,"primer_partido_percent":48,"primer_partido_name":"PSOE","segundo_partido_percent":25,"segundo_partido_name":"CDS","tercer_partido_percent":16,"tercer_partido_name":"AP","otros_partido_percent":0},"2004":{"paro_normalizado":"2.8744","paro_normalizado_max":"10.0744","paro_normalizado_min":"-3.3256","censo_total":1093,"percen_participacion":78,"primer_partido_percent":48,"primer_partido_name":"PSOE","segundo_partido_percent":25,"segundo_partido_name":"CDS","tercer_partido_percent":16,"tercer_partido_name":"AP","otros_partido_percent":0},"2005":{"paro_normalizado":"2.437938462","paro_normalizado_max":"9.637938462","paro_normalizado_min":"-3.562061538","censo_total":1093,"percen_participacion":78,"primer_partido_percent":48,"primer_partido_name":"PSOE","segundo_partido_percent":25,"segundo_partido_name":"CDS","tercer_partido_percent":16,"tercer_partido_name":"AP","otros_partido_percent":0},"2006":{"paro_normalizado":"3.9053230770000003","paro_normalizado_max":"10.105323077","paro_normalizado_min":"-3.594676923","censo_total":1093,"percen_participacion":78,"primer_partido_percent":48,"primer_partido_name":"PSOE","segundo_partido_percent":25,"segundo_partido_name":"CDS","tercer_partido_percent":16,"tercer_partido_name":"AP","otros_partido_percent":0},"2007":{"paro_normalizado":"2.9955090740000005","paro_normalizado_max":"11.595509074","paro_normalizado_min":"-3.404490926","censo_total":1093,"percen_participacion":78,"primer_partido_percent":48,"primer_partido_name":"PSOE","segundo_partido_percent":25,"segundo_partido_name":"CDS","tercer_partido_percent":16,"tercer_partido_name":"AP","otros_partido_percent":0},"2008":{"paro_normalizado":"2.8380073799999996","paro_normalizado_max":"12.53800738","paro_normalizado_min":"-3.96199262","censo_total":1093,"percen_participacion":78,"primer_partido_percent":48,"primer_partido_name":"PSOE","segundo_partido_percent":25,"segundo_partido_name":"CDS","tercer_partido_percent":16,"tercer_partido_name":"AP","otros_partido_percent":0},"2009":{"paro_normalizado":"2.9811193110000005","paro_normalizado_max":"14.781119311000001","paro_normalizado_min":"-5.718880689000001","censo_total":1093,"percen_participacion":78,"primer_partido_percent":48,"primer_partido_name":"PSOE","segundo_partido_percent":25,"segundo_partido_name":"CDS","tercer_partido_percent":16,"tercer_partido_name":"AP","otros_partido_percent":0}}}