[{"id":68,"year":1987,"data":{"censo_total":1918,"percen_participacion":79,"primer_partido_percent":45,"primer_partido_name":"PSOE","segundo_partido_percent":29,"segundo_partido_name":"CDS","tercer_partido_percent":12,"tercer_partido_name":"AP","otros_partido_percent":0,"center_longitude":-6.8477959,"center_latitude":39.1323927,"paro_normalizado_1996":"-1.2074769230000002","paro_normalizado_1997":"-2.2276923079999995","paro_normalizado_1998":"-1.9668615380000003","paro_normalizado_1999":"-0.8281538460000002","paro_normalizado_2000":"-0.3284923080000004","paro_normalizado_2001":"-0.33070769199999983","paro_normalizado_2002":"-0.47769230799999995","paro_normalizado_2003":"-0.8191076920000002","paro_normalizado_2004":"0.0743999999999998","paro_normalizado_2005":"1.937938462","paro_normalizado_2006":"2.205323077","paro_normalizado_2007":"2.395509074","paro_normalizado_2008":"2.53800738","paro_normalizado_2009":"4.581119311","paro_normalizado_1996_max":"33.292523077","paro_normalizado_1996_min":"-5.107476923","paro_normalizado_1997_max":"14.272307692000002","paro_normalizado_1997_min":"-3.9276923079999997","paro_normalizado_1998_max":"13.033138461999998","paro_normalizado_1998_min":"-3.866861538","paro_normalizado_1999_max":"10.071846154","paro_normalizado_1999_min":"-3.128153846","paro_normalizado_2000_max":"11.371507692","paro_normalizado_2000_min":"-3.128492308","paro_normalizado_2001_max":"10.569292308","paro_normalizado_2001_min":"-3.030707692","paro_normalizado_2002_max":"7.9223076919999995","paro_normalizado_2002_min":"-3.177692308","paro_normalizado_2003_max":"8.080892308000001","paro_normalizado_2003_min":"-3.219107692","paro_normalizado_2004_max":"10.0744","paro_normalizado_2004_min":"-3.3256","paro_normalizado_2005_max":"9.637938462","paro_normalizado_2005_min":"-3.562061538","paro_normalizado_2006_max":"10.105323077","paro_normalizado_2006_min":"-3.594676923","paro_normalizado_2007_max":"11.595509074","paro_normalizado_2007_min":"-3.404490926","paro_normalizado_2008_max":"12.53800738","paro_normalizado_2008_min":"-3.96199262","paro_normalizado_2009_max":"14.781119311000001","paro_normalizado_2009_min":"-5.718880689000001"}},{"id":69,"year":1991,"data":{"censo_total":1939,"percen_participacion":72,"primer_partido_percent":63,"primer_partido_name":"PSOE","segundo_partido_percent":33,"segundo_partido_name":"PP","tercer_partido_percent":0,"tercer_partido_name":"P.I.","otros_partido_percent":0,"center_longitude":-6.8477959,"center_latitude":39.1323927,"paro_normalizado_1996":"-1.2074769230000002","paro_normalizado_1997":"-2.2276923079999995","paro_normalizado_1998":"-1.9668615380000003","paro_normalizado_1999":"-0.8281538460000002","paro_normalizado_2000":"-0.3284923080000004","paro_normalizado_2001":"-0.33070769199999983","paro_normalizado_2002":"-0.47769230799999995","paro_normalizado_2003":"-0.8191076920000002","paro_normalizado_2004":"0.0743999999999998","paro_normalizado_2005":"1.937938462","paro_normalizado_2006":"2.205323077","paro_normalizado_2007":"2.395509074","paro_normalizado_2008":"2.53800738","paro_normalizado_2009":"4.581119311","paro_normalizado_1996_max":"33.292523077","paro_normalizado_1996_min":"-5.107476923","paro_normalizado_1997_max":"14.272307692000002","paro_normalizado_1997_min":"-3.9276923079999997","paro_normalizado_1998_max":"13.033138461999998","paro_normalizado_1998_min":"-3.866861538","paro_normalizado_1999_max":"10.071846154","paro_normalizado_1999_min":"-3.128153846","paro_normalizado_2000_max":"11.371507692","paro_normalizado_2000_min":"-3.128492308","paro_normalizado_2001_max":"10.569292308","paro_normalizado_2001_min":"-3.030707692","paro_normalizado_2002_max":"7.9223076919999995","paro_normalizado_2002_min":"-3.177692308","paro_normalizado_2003_max":"8.080892308000001","paro_normalizado_2003_min":"-3.219107692","paro_normalizado_2004_max":"10.0744","paro_normalizado_2004_min":"-3.3256","paro_normalizado_2005_max":"9.637938462","paro_normalizado_2005_min":"-3.562061538","paro_normalizado_2006_max":"10.105323077","paro_normalizado_2006_min":"-3.594676923","paro_normalizado_2007_max":"11.595509074","paro_normalizado_2007_min":"-3.404490926","paro_normalizado_2008_max":"12.53800738","paro_normalizado_2008_min":"-3.96199262","paro_normalizado_2009_max":"14.781119311000001","paro_normalizado_2009_min":"-5.718880689000001"}},{"id":70,"year":1995,"data":{"censo_total":1870,"percen_participacion":81,"primer_partido_percent":57,"primer_partido_name":"PSOE","segundo_partido_percent":20,"segundo_partido_name":"PP","tercer_partido_percent":10,"tercer_partido_name":"IU","otros_partido_percent":0,"center_longitude":-6.8477959,"center_latitude":39.1323927,"paro_normalizado_1996":"-1.2074769230000002","paro_normalizado_1997":"-2.2276923079999995","paro_normalizado_1998":"-1.9668615380000003","paro_normalizado_1999":"-0.8281538460000002","paro_normalizado_2000":"-0.3284923080000004","paro_normalizado_2001":"-0.33070769199999983","paro_normalizado_2002":"-0.47769230799999995","paro_normalizado_2003":"-0.8191076920000002","paro_normalizado_2004":"0.0743999999999998","paro_normalizado_2005":"1.937938462","paro_normalizado_2006":"2.205323077","paro_normalizado_2007":"2.395509074","paro_normalizado_2008":"2.53800738","paro_normalizado_2009":"4.581119311","paro_normalizado_1996_max":"33.292523077","paro_normalizado_1996_min":"-5.107476923","paro_normalizado_1997_max":"14.272307692000002","paro_normalizado_1997_min":"-3.9276923079999997","paro_normalizado_1998_max":"13.033138461999998","paro_normalizado_1998_min":"-3.866861538","paro_normalizado_1999_max":"10.071846154","paro_normalizado_1999_min":"-3.128153846","paro_normalizado_2000_max":"11.371507692","paro_normalizado_2000_min":"-3.128492308","paro_normalizado_2001_max":"10.569292308","paro_normalizado_2001_min":"-3.030707692","paro_normalizado_2002_max":"7.9223076919999995","paro_normalizado_2002_min":"-3.177692308","paro_normalizado_2003_max":"8.080892308000001","paro_normalizado_2003_min":"-3.219107692","paro_normalizado_2004_max":"10.0744","paro_normalizado_2004_min":"-3.3256","paro_normalizado_2005_max":"9.637938462","paro_normalizado_2005_min":"-3.562061538","paro_normalizado_2006_max":"10.105323077","paro_normalizado_2006_min":"-3.594676923","paro_normalizado_2007_max":"11.595509074","paro_normalizado_2007_min":"-3.404490926","paro_normalizado_2008_max":"12.53800738","paro_normalizado_2008_min":"-3.96199262","paro_normalizado_2009_max":"14.781119311000001","paro_normalizado_2009_min":"-5.718880689000001"}},{"id":71,"year":1999,"data":{"censo_total":1817,"percen_participacion":78,"primer_partido_percent":68,"primer_partido_name":"PSOE","segundo_partido_percent":15,"segundo_partido_name":"SIEX","tercer_partido_percent":14,"tercer_partido_name":"PP","otros_partido_percent":0,"center_longitude":-6.8477959,"center_latitude":39.1323927,"paro_normalizado_1996":"-1.2074769230000002","paro_normalizado_1997":"-2.2276923079999995","paro_normalizado_1998":"-1.9668615380000003","paro_normalizado_1999":"-0.8281538460000002","paro_normalizado_2000":"-0.3284923080000004","paro_normalizado_2001":"-0.33070769199999983","paro_normalizado_2002":"-0.47769230799999995","paro_normalizado_2003":"-0.8191076920000002","paro_normalizado_2004":"0.0743999999999998","paro_normalizado_2005":"1.937938462","paro_normalizado_2006":"2.205323077","paro_normalizado_2007":"2.395509074","paro_normalizado_2008":"2.53800738","paro_normalizado_2009":"4.581119311","paro_normalizado_1996_max":"33.292523077","paro_normalizado_1996_min":"-5.107476923","paro_normalizado_1997_max":"14.272307692000002","paro_normalizado_1997_min":"-3.9276923079999997","paro_normalizado_1998_max":"13.033138461999998","paro_normalizado_1998_min":"-3.866861538","paro_normalizado_1999_max":"10.071846154","paro_normalizado_1999_min":"-3.128153846","paro_normalizado_2000_max":"11.371507692","paro_normalizado_2000_min":"-3.128492308","paro_normalizado_2001_max":"10.569292308","paro_normalizado_2001_min":"-3.030707692","paro_normalizado_2002_max":"7.9223076919999995","paro_normalizado_2002_min":"-3.177692308","paro_normalizado_2003_max":"8.080892308000001","paro_normalizado_2003_min":"-3.219107692","paro_normalizado_2004_max":"10.0744","paro_normalizado_2004_min":"-3.3256","paro_normalizado_2005_max":"9.637938462","paro_normalizado_2005_min":"-3.562061538","paro_normalizado_2006_max":"10.105323077","paro_normalizado_2006_min":"-3.594676923","paro_normalizado_2007_max":"11.595509074","paro_normalizado_2007_min":"-3.404490926","paro_normalizado_2008_max":"12.53800738","paro_normalizado_2008_min":"-3.96199262","paro_normalizado_2009_max":"14.781119311000001","paro_normalizado_2009_min":"-5.718880689000001"}},{"id":72,"year":2003,"data":{"censo_total":1845,"percen_participacion":74,"primer_partido_percent":71,"primer_partido_name":"PSOE","segundo_partido_percent":26,"segundo_partido_name":"PP","tercer_partido_percent":0,"tercer_partido_name":"A.E.A","otros_partido_percent":0,"center_longitude":-6.8477959,"center_latitude":39.1323927,"paro_normalizado_1996":"-1.2074769230000002","paro_normalizado_1997":"-2.2276923079999995","paro_normalizado_1998":"-1.9668615380000003","paro_normalizado_1999":"-0.8281538460000002","paro_normalizado_2000":"-0.3284923080000004","paro_normalizado_2001":"-0.33070769199999983","paro_normalizado_2002":"-0.47769230799999995","paro_normalizado_2003":"-0.8191076920000002","paro_normalizado_2004":"0.0743999999999998","paro_normalizado_2005":"1.937938462","paro_normalizado_2006":"2.205323077","paro_normalizado_2007":"2.395509074","paro_normalizado_2008":"2.53800738","paro_normalizado_2009":"4.581119311","paro_normalizado_1996_max":"33.292523077","paro_normalizado_1996_min":"-5.107476923","paro_normalizado_1997_max":"14.272307692000002","paro_normalizado_1997_min":"-3.9276923079999997","paro_normalizado_1998_max":"13.033138461999998","paro_normalizado_1998_min":"-3.866861538","paro_normalizado_1999_max":"10.071846154","paro_normalizado_1999_min":"-3.128153846","paro_normalizado_2000_max":"11.371507692","paro_normalizado_2000_min":"-3.128492308","paro_normalizado_2001_max":"10.569292308","paro_normalizado_2001_min":"-3.030707692","paro_normalizado_2002_max":"7.9223076919999995","paro_normalizado_2002_min":"-3.177692308","paro_normalizado_2003_max":"8.080892308000001","paro_normalizado_2003_min":"-3.219107692","paro_normalizado_2004_max":"10.0744","paro_normalizado_2004_min":"-3.3256","paro_normalizado_2005_max":"9.637938462","paro_normalizado_2005_min":"-3.562061538","paro_normalizado_2006_max":"10.105323077","paro_normalizado_2006_min":"-3.594676923","paro_normalizado_2007_max":"11.595509074","paro_normalizado_2007_min":"-3.404490926","paro_normalizado_2008_max":"12.53800738","paro_normalizado_2008_min":"-3.96199262","paro_normalizado_2009_max":"14.781119311000001","paro_normalizado_2009_min":"-5.718880689000001"}},{"id":73,"year":2007,"data":{"censo_total":1890,"percen_participacion":74,"primer_partido_percent":68,"primer_partido_name":"PSOE","segundo_partido_percent":28,"segundo_partido_name":"PP","tercer_partido_percent":0,"tercer_partido_name":"AVEV","otros_partido_percent":0,"center_longitude":-6.8477959,"center_latitude":39.1323927,"paro_normalizado_1996":"-1.2074769230000002","paro_normalizado_1997":"-2.2276923079999995","paro_normalizado_1998":"-1.9668615380000003","paro_normalizado_1999":"-0.8281538460000002","paro_normalizado_2000":"-0.3284923080000004","paro_normalizado_2001":"-0.33070769199999983","paro_normalizado_2002":"-0.47769230799999995","paro_normalizado_2003":"-0.8191076920000002","paro_normalizado_2004":"0.0743999999999998","paro_normalizado_2005":"1.937938462","paro_normalizado_2006":"2.205323077","paro_normalizado_2007":"2.395509074","paro_normalizado_2008":"2.53800738","paro_normalizado_2009":"4.581119311","paro_normalizado_1996_max":"33.292523077","paro_normalizado_1996_min":"-5.107476923","paro_normalizado_1997_max":"14.272307692000002","paro_normalizado_1997_min":"-3.9276923079999997","paro_normalizado_1998_max":"13.033138461999998","paro_normalizado_1998_min":"-3.866861538","paro_normalizado_1999_max":"10.071846154","paro_normalizado_1999_min":"-3.128153846","paro_normalizado_2000_max":"11.371507692","paro_normalizado_2000_min":"-3.128492308","paro_normalizado_2001_max":"10.569292308","paro_normalizado_2001_min":"-3.030707692","paro_normalizado_2002_max":"7.9223076919999995","paro_normalizado_2002_min":"-3.177692308","paro_normalizado_2003_max":"8.080892308000001","paro_normalizado_2003_min":"-3.219107692","paro_normalizado_2004_max":"10.0744","paro_normalizado_2004_min":"-3.3256","paro_normalizado_2005_max":"9.637938462","paro_normalizado_2005_min":"-3.562061538","paro_normalizado_2006_max":"10.105323077","paro_normalizado_2006_min":"-3.594676923","paro_normalizado_2007_max":"11.595509074","paro_normalizado_2007_min":"-3.404490926","paro_normalizado_2008_max":"12.53800738","paro_normalizado_2008_min":"-3.96199262","paro_normalizado_2009_max":"14.781119311000001","paro_normalizado_2009_min":"-5.718880689000001"}}]