[{"id":68,"year":1987,"data":{"censo_total":1586,"percen_participacion":70,"primer_partido_percent":73,"primer_partido_name":"PSOE","segundo_partido_percent":25,"segundo_partido_name":"INDEP","tercer_partido_percent":0,"tercer_partido_name":"ADEIS","otros_partido_percent":0,"center_longitude":-6.411753,"center_latitude":38.3433883,"paro_normalizado_1996":"-0.007476923000000468","paro_normalizado_1997":"0.4723076920000002","paro_normalizado_1998":"0.23313846199999944","paro_normalizado_1999":"0.9718461539999996","paro_normalizado_2000":"1.071507692","paro_normalizado_2001":"0.969292308","paro_normalizado_2002":"2.4223076919999995","paro_normalizado_2003":"5.180892308000001","paro_normalizado_2004":"4.574400000000001","paro_normalizado_2005":"4.937938462","paro_normalizado_2006":"4.905323077","paro_normalizado_2007":"5.295509074","paro_normalizado_2008":"6.73800738","paro_normalizado_2009":"5.9811193110000005","paro_normalizado_1996_max":"33.292523077","paro_normalizado_1996_min":"-5.107476923","paro_normalizado_1997_max":"14.272307692000002","paro_normalizado_1997_min":"-3.9276923079999997","paro_normalizado_1998_max":"13.033138461999998","paro_normalizado_1998_min":"-3.866861538","paro_normalizado_1999_max":"10.071846154","paro_normalizado_1999_min":"-3.128153846","paro_normalizado_2000_max":"11.371507692","paro_normalizado_2000_min":"-3.128492308","paro_normalizado_2001_max":"10.569292308","paro_normalizado_2001_min":"-3.030707692","paro_normalizado_2002_max":"7.9223076919999995","paro_normalizado_2002_min":"-3.177692308","paro_normalizado_2003_max":"8.080892308000001","paro_normalizado_2003_min":"-3.219107692","paro_normalizado_2004_max":"10.0744","paro_normalizado_2004_min":"-3.3256","paro_normalizado_2005_max":"9.637938462","paro_normalizado_2005_min":"-3.562061538","paro_normalizado_2006_max":"10.105323077","paro_normalizado_2006_min":"-3.594676923","paro_normalizado_2007_max":"11.595509074","paro_normalizado_2007_min":"-3.404490926","paro_normalizado_2008_max":"12.53800738","paro_normalizado_2008_min":"-3.96199262","paro_normalizado_2009_max":"14.781119311000001","paro_normalizado_2009_min":"-5.718880689000001"}},{"id":69,"year":1991,"data":{"censo_total":1473,"percen_participacion":70,"primer_partido_percent":77,"primer_partido_name":"PSOE","segundo_partido_percent":19,"segundo_partido_name":"PP","tercer_partido_percent":0,"tercer_partido_name":"P.I.","otros_partido_percent":0,"center_longitude":-6.411753,"center_latitude":38.3433883,"paro_normalizado_1996":"-0.007476923000000468","paro_normalizado_1997":"0.4723076920000002","paro_normalizado_1998":"0.23313846199999944","paro_normalizado_1999":"0.9718461539999996","paro_normalizado_2000":"1.071507692","paro_normalizado_2001":"0.969292308","paro_normalizado_2002":"2.4223076919999995","paro_normalizado_2003":"5.180892308000001","paro_normalizado_2004":"4.574400000000001","paro_normalizado_2005":"4.937938462","paro_normalizado_2006":"4.905323077","paro_normalizado_2007":"5.295509074","paro_normalizado_2008":"6.73800738","paro_normalizado_2009":"5.9811193110000005","paro_normalizado_1996_max":"33.292523077","paro_normalizado_1996_min":"-5.107476923","paro_normalizado_1997_max":"14.272307692000002","paro_normalizado_1997_min":"-3.9276923079999997","paro_normalizado_1998_max":"13.033138461999998","paro_normalizado_1998_min":"-3.866861538","paro_normalizado_1999_max":"10.071846154","paro_normalizado_1999_min":"-3.128153846","paro_normalizado_2000_max":"11.371507692","paro_normalizado_2000_min":"-3.128492308","paro_normalizado_2001_max":"10.569292308","paro_normalizado_2001_min":"-3.030707692","paro_normalizado_2002_max":"7.9223076919999995","paro_normalizado_2002_min":"-3.177692308","paro_normalizado_2003_max":"8.080892308000001","paro_normalizado_2003_min":"-3.219107692","paro_normalizado_2004_max":"10.0744","paro_normalizado_2004_min":"-3.3256","paro_normalizado_2005_max":"9.637938462","paro_normalizado_2005_min":"-3.562061538","paro_normalizado_2006_max":"10.105323077","paro_normalizado_2006_min":"-3.594676923","paro_normalizado_2007_max":"11.595509074","paro_normalizado_2007_min":"-3.404490926","paro_normalizado_2008_max":"12.53800738","paro_normalizado_2008_min":"-3.96199262","paro_normalizado_2009_max":"14.781119311000001","paro_normalizado_2009_min":"-5.718880689000001"}},{"id":70,"year":1995,"data":{"censo_total":1320,"percen_participacion":85,"primer_partido_percent":48,"primer_partido_name":"PSOE","segundo_partido_percent":45,"segundo_partido_name":"INDEP","tercer_partido_percent":4,"tercer_partido_name":"PP","otros_partido_percent":0,"center_longitude":-6.411753,"center_latitude":38.3433883,"paro_normalizado_1996":"-0.007476923000000468","paro_normalizado_1997":"0.4723076920000002","paro_normalizado_1998":"0.23313846199999944","paro_normalizado_1999":"0.9718461539999996","paro_normalizado_2000":"1.071507692","paro_normalizado_2001":"0.969292308","paro_normalizado_2002":"2.4223076919999995","paro_normalizado_2003":"5.180892308000001","paro_normalizado_2004":"4.574400000000001","paro_normalizado_2005":"4.937938462","paro_normalizado_2006":"4.905323077","paro_normalizado_2007":"5.295509074","paro_normalizado_2008":"6.73800738","paro_normalizado_2009":"5.9811193110000005","paro_normalizado_1996_max":"33.292523077","paro_normalizado_1996_min":"-5.107476923","paro_normalizado_1997_max":"14.272307692000002","paro_normalizado_1997_min":"-3.9276923079999997","paro_normalizado_1998_max":"13.033138461999998","paro_normalizado_1998_min":"-3.866861538","paro_normalizado_1999_max":"10.071846154","paro_normalizado_1999_min":"-3.128153846","paro_normalizado_2000_max":"11.371507692","paro_normalizado_2000_min":"-3.128492308","paro_normalizado_2001_max":"10.569292308","paro_normalizado_2001_min":"-3.030707692","paro_normalizado_2002_max":"7.9223076919999995","paro_normalizado_2002_min":"-3.177692308","paro_normalizado_2003_max":"8.080892308000001","paro_normalizado_2003_min":"-3.219107692","paro_normalizado_2004_max":"10.0744","paro_normalizado_2004_min":"-3.3256","paro_normalizado_2005_max":"9.637938462","paro_normalizado_2005_min":"-3.562061538","paro_normalizado_2006_max":"10.105323077","paro_normalizado_2006_min":"-3.594676923","paro_normalizado_2007_max":"11.595509074","paro_normalizado_2007_min":"-3.404490926","paro_normalizado_2008_max":"12.53800738","paro_normalizado_2008_min":"-3.96199262","paro_normalizado_2009_max":"14.781119311000001","paro_normalizado_2009_min":"-5.718880689000001"}},{"id":71,"year":1999,"data":{"censo_total":1273,"percen_participacion":82,"primer_partido_percent":54,"primer_partido_name":"CIMT","segundo_partido_percent":44,"segundo_partido_name":"PSOE","tercer_partido_percent":0,"tercer_partido_name":"PP","otros_partido_percent":0,"center_longitude":-6.411753,"center_latitude":38.3433883,"paro_normalizado_1996":"-0.007476923000000468","paro_normalizado_1997":"0.4723076920000002","paro_normalizado_1998":"0.23313846199999944","paro_normalizado_1999":"0.9718461539999996","paro_normalizado_2000":"1.071507692","paro_normalizado_2001":"0.969292308","paro_normalizado_2002":"2.4223076919999995","paro_normalizado_2003":"5.180892308000001","paro_normalizado_2004":"4.574400000000001","paro_normalizado_2005":"4.937938462","paro_normalizado_2006":"4.905323077","paro_normalizado_2007":"5.295509074","paro_normalizado_2008":"6.73800738","paro_normalizado_2009":"5.9811193110000005","paro_normalizado_1996_max":"33.292523077","paro_normalizado_1996_min":"-5.107476923","paro_normalizado_1997_max":"14.272307692000002","paro_normalizado_1997_min":"-3.9276923079999997","paro_normalizado_1998_max":"13.033138461999998","paro_normalizado_1998_min":"-3.866861538","paro_normalizado_1999_max":"10.071846154","paro_normalizado_1999_min":"-3.128153846","paro_normalizado_2000_max":"11.371507692","paro_normalizado_2000_min":"-3.128492308","paro_normalizado_2001_max":"10.569292308","paro_normalizado_2001_min":"-3.030707692","paro_normalizado_2002_max":"7.9223076919999995","paro_normalizado_2002_min":"-3.177692308","paro_normalizado_2003_max":"8.080892308000001","paro_normalizado_2003_min":"-3.219107692","paro_normalizado_2004_max":"10.0744","paro_normalizado_2004_min":"-3.3256","paro_normalizado_2005_max":"9.637938462","paro_normalizado_2005_min":"-3.562061538","paro_normalizado_2006_max":"10.105323077","paro_normalizado_2006_min":"-3.594676923","paro_normalizado_2007_max":"11.595509074","paro_normalizado_2007_min":"-3.404490926","paro_normalizado_2008_max":"12.53800738","paro_normalizado_2008_min":"-3.96199262","paro_normalizado_2009_max":"14.781119311000001","paro_normalizado_2009_min":"-5.718880689000001"}},{"id":72,"year":2003,"data":{"censo_total":1222,"percen_participacion":78,"primer_partido_percent":87,"primer_partido_name":"PSOE","segundo_partido_percent":9,"segundo_partido_name":"PP","tercer_partido_percent":0,"tercer_partido_name":"A.E.A","otros_partido_percent":0,"center_longitude":-6.411753,"center_latitude":38.3433883,"paro_normalizado_1996":"-0.007476923000000468","paro_normalizado_1997":"0.4723076920000002","paro_normalizado_1998":"0.23313846199999944","paro_normalizado_1999":"0.9718461539999996","paro_normalizado_2000":"1.071507692","paro_normalizado_2001":"0.969292308","paro_normalizado_2002":"2.4223076919999995","paro_normalizado_2003":"5.180892308000001","paro_normalizado_2004":"4.574400000000001","paro_normalizado_2005":"4.937938462","paro_normalizado_2006":"4.905323077","paro_normalizado_2007":"5.295509074","paro_normalizado_2008":"6.73800738","paro_normalizado_2009":"5.9811193110000005","paro_normalizado_1996_max":"33.292523077","paro_normalizado_1996_min":"-5.107476923","paro_normalizado_1997_max":"14.272307692000002","paro_normalizado_1997_min":"-3.9276923079999997","paro_normalizado_1998_max":"13.033138461999998","paro_normalizado_1998_min":"-3.866861538","paro_normalizado_1999_max":"10.071846154","paro_normalizado_1999_min":"-3.128153846","paro_normalizado_2000_max":"11.371507692","paro_normalizado_2000_min":"-3.128492308","paro_normalizado_2001_max":"10.569292308","paro_normalizado_2001_min":"-3.030707692","paro_normalizado_2002_max":"7.9223076919999995","paro_normalizado_2002_min":"-3.177692308","paro_normalizado_2003_max":"8.080892308000001","paro_normalizado_2003_min":"-3.219107692","paro_normalizado_2004_max":"10.0744","paro_normalizado_2004_min":"-3.3256","paro_normalizado_2005_max":"9.637938462","paro_normalizado_2005_min":"-3.562061538","paro_normalizado_2006_max":"10.105323077","paro_normalizado_2006_min":"-3.594676923","paro_normalizado_2007_max":"11.595509074","paro_normalizado_2007_min":"-3.404490926","paro_normalizado_2008_max":"12.53800738","paro_normalizado_2008_min":"-3.96199262","paro_normalizado_2009_max":"14.781119311000001","paro_normalizado_2009_min":"-5.718880689000001"}},{"id":73,"year":2007,"data":{"censo_total":1184,"percen_participacion":81,"primer_partido_percent":66,"primer_partido_name":"PSOE","segundo_partido_percent":30,"segundo_partido_name":"PP","tercer_partido_percent":0,"tercer_partido_name":"AVEV","otros_partido_percent":0,"center_longitude":-6.411753,"center_latitude":38.3433883,"paro_normalizado_1996":"-0.007476923000000468","paro_normalizado_1997":"0.4723076920000002","paro_normalizado_1998":"0.23313846199999944","paro_normalizado_1999":"0.9718461539999996","paro_normalizado_2000":"1.071507692","paro_normalizado_2001":"0.969292308","paro_normalizado_2002":"2.4223076919999995","paro_normalizado_2003":"5.180892308000001","paro_normalizado_2004":"4.574400000000001","paro_normalizado_2005":"4.937938462","paro_normalizado_2006":"4.905323077","paro_normalizado_2007":"5.295509074","paro_normalizado_2008":"6.73800738","paro_normalizado_2009":"5.9811193110000005","paro_normalizado_1996_max":"33.292523077","paro_normalizado_1996_min":"-5.107476923","paro_normalizado_1997_max":"14.272307692000002","paro_normalizado_1997_min":"-3.9276923079999997","paro_normalizado_1998_max":"13.033138461999998","paro_normalizado_1998_min":"-3.866861538","paro_normalizado_1999_max":"10.071846154","paro_normalizado_1999_min":"-3.128153846","paro_normalizado_2000_max":"11.371507692","paro_normalizado_2000_min":"-3.128492308","paro_normalizado_2001_max":"10.569292308","paro_normalizado_2001_min":"-3.030707692","paro_normalizado_2002_max":"7.9223076919999995","paro_normalizado_2002_min":"-3.177692308","paro_normalizado_2003_max":"8.080892308000001","paro_normalizado_2003_min":"-3.219107692","paro_normalizado_2004_max":"10.0744","paro_normalizado_2004_min":"-3.3256","paro_normalizado_2005_max":"9.637938462","paro_normalizado_2005_min":"-3.562061538","paro_normalizado_2006_max":"10.105323077","paro_normalizado_2006_min":"-3.594676923","paro_normalizado_2007_max":"11.595509074","paro_normalizado_2007_min":"-3.404490926","paro_normalizado_2008_max":"12.53800738","paro_normalizado_2008_min":"-3.96199262","paro_normalizado_2009_max":"14.781119311000001","paro_normalizado_2009_min":"-5.718880689000001"}}]