[{"id":68,"year":1987,"data":{"censo_total":2400,"percen_participacion":69,"primer_partido_percent":73,"primer_partido_name":"PSOE","segundo_partido_percent":18,"segundo_partido_name":"AP","tercer_partido_percent":6,"tercer_partido_name":"CDS","otros_partido_percent":0,"center_longitude":-6.6897433,"center_latitude":38.1410792,"paro_normalizado_1996":"-0.5074769230000005","paro_normalizado_1997":"0.6723076920000004","paro_normalizado_1998":"0.0331384619999997","paro_normalizado_1999":"0.2718461539999999","paro_normalizado_2000":"-0.42849230800000004","paro_normalizado_2001":"0.469292308","paro_normalizado_2002":"0.22230769199999978","paro_normalizado_2003":"1.2808923079999999","paro_normalizado_2004":"1.7743999999999995","paro_normalizado_2005":"3.137938462","paro_normalizado_2006":"2.4053230770000003","paro_normalizado_2007":"1.9955090740000005","paro_normalizado_2008":"2.1380073799999995","paro_normalizado_2009":"1.1811193109999998","paro_normalizado_1996_max":"33.292523077","paro_normalizado_1996_min":"-5.107476923","paro_normalizado_1997_max":"14.272307692000002","paro_normalizado_1997_min":"-3.9276923079999997","paro_normalizado_1998_max":"13.033138461999998","paro_normalizado_1998_min":"-3.866861538","paro_normalizado_1999_max":"10.071846154","paro_normalizado_1999_min":"-3.128153846","paro_normalizado_2000_max":"11.371507692","paro_normalizado_2000_min":"-3.128492308","paro_normalizado_2001_max":"10.569292308","paro_normalizado_2001_min":"-3.030707692","paro_normalizado_2002_max":"7.9223076919999995","paro_normalizado_2002_min":"-3.177692308","paro_normalizado_2003_max":"8.080892308000001","paro_normalizado_2003_min":"-3.219107692","paro_normalizado_2004_max":"10.0744","paro_normalizado_2004_min":"-3.3256","paro_normalizado_2005_max":"9.637938462","paro_normalizado_2005_min":"-3.562061538","paro_normalizado_2006_max":"10.105323077","paro_normalizado_2006_min":"-3.594676923","paro_normalizado_2007_max":"11.595509074","paro_normalizado_2007_min":"-3.404490926","paro_normalizado_2008_max":"12.53800738","paro_normalizado_2008_min":"-3.96199262","paro_normalizado_2009_max":"14.781119311000001","paro_normalizado_2009_min":"-5.718880689000001"}},{"id":69,"year":1991,"data":{"censo_total":2327,"percen_participacion":69,"primer_partido_percent":81,"primer_partido_name":"PSOE","segundo_partido_percent":17,"segundo_partido_name":"PP","tercer_partido_percent":0,"tercer_partido_name":"P.I.","otros_partido_percent":0,"center_longitude":-6.6897433,"center_latitude":38.1410792,"paro_normalizado_1996":"-0.5074769230000005","paro_normalizado_1997":"0.6723076920000004","paro_normalizado_1998":"0.0331384619999997","paro_normalizado_1999":"0.2718461539999999","paro_normalizado_2000":"-0.42849230800000004","paro_normalizado_2001":"0.469292308","paro_normalizado_2002":"0.22230769199999978","paro_normalizado_2003":"1.2808923079999999","paro_normalizado_2004":"1.7743999999999995","paro_normalizado_2005":"3.137938462","paro_normalizado_2006":"2.4053230770000003","paro_normalizado_2007":"1.9955090740000005","paro_normalizado_2008":"2.1380073799999995","paro_normalizado_2009":"1.1811193109999998","paro_normalizado_1996_max":"33.292523077","paro_normalizado_1996_min":"-5.107476923","paro_normalizado_1997_max":"14.272307692000002","paro_normalizado_1997_min":"-3.9276923079999997","paro_normalizado_1998_max":"13.033138461999998","paro_normalizado_1998_min":"-3.866861538","paro_normalizado_1999_max":"10.071846154","paro_normalizado_1999_min":"-3.128153846","paro_normalizado_2000_max":"11.371507692","paro_normalizado_2000_min":"-3.128492308","paro_normalizado_2001_max":"10.569292308","paro_normalizado_2001_min":"-3.030707692","paro_normalizado_2002_max":"7.9223076919999995","paro_normalizado_2002_min":"-3.177692308","paro_normalizado_2003_max":"8.080892308000001","paro_normalizado_2003_min":"-3.219107692","paro_normalizado_2004_max":"10.0744","paro_normalizado_2004_min":"-3.3256","paro_normalizado_2005_max":"9.637938462","paro_normalizado_2005_min":"-3.562061538","paro_normalizado_2006_max":"10.105323077","paro_normalizado_2006_min":"-3.594676923","paro_normalizado_2007_max":"11.595509074","paro_normalizado_2007_min":"-3.404490926","paro_normalizado_2008_max":"12.53800738","paro_normalizado_2008_min":"-3.96199262","paro_normalizado_2009_max":"14.781119311000001","paro_normalizado_2009_min":"-5.718880689000001"}},{"id":70,"year":1995,"data":{"censo_total":2201,"percen_participacion":76,"primer_partido_percent":70,"primer_partido_name":"PSOE","segundo_partido_percent":27,"segundo_partido_name":"PP","tercer_partido_percent":0,"tercer_partido_name":"CISN","otros_partido_percent":0,"center_longitude":-6.6897433,"center_latitude":38.1410792,"paro_normalizado_1996":"-0.5074769230000005","paro_normalizado_1997":"0.6723076920000004","paro_normalizado_1998":"0.0331384619999997","paro_normalizado_1999":"0.2718461539999999","paro_normalizado_2000":"-0.42849230800000004","paro_normalizado_2001":"0.469292308","paro_normalizado_2002":"0.22230769199999978","paro_normalizado_2003":"1.2808923079999999","paro_normalizado_2004":"1.7743999999999995","paro_normalizado_2005":"3.137938462","paro_normalizado_2006":"2.4053230770000003","paro_normalizado_2007":"1.9955090740000005","paro_normalizado_2008":"2.1380073799999995","paro_normalizado_2009":"1.1811193109999998","paro_normalizado_1996_max":"33.292523077","paro_normalizado_1996_min":"-5.107476923","paro_normalizado_1997_max":"14.272307692000002","paro_normalizado_1997_min":"-3.9276923079999997","paro_normalizado_1998_max":"13.033138461999998","paro_normalizado_1998_min":"-3.866861538","paro_normalizado_1999_max":"10.071846154","paro_normalizado_1999_min":"-3.128153846","paro_normalizado_2000_max":"11.371507692","paro_normalizado_2000_min":"-3.128492308","paro_normalizado_2001_max":"10.569292308","paro_normalizado_2001_min":"-3.030707692","paro_normalizado_2002_max":"7.9223076919999995","paro_normalizado_2002_min":"-3.177692308","paro_normalizado_2003_max":"8.080892308000001","paro_normalizado_2003_min":"-3.219107692","paro_normalizado_2004_max":"10.0744","paro_normalizado_2004_min":"-3.3256","paro_normalizado_2005_max":"9.637938462","paro_normalizado_2005_min":"-3.562061538","paro_normalizado_2006_max":"10.105323077","paro_normalizado_2006_min":"-3.594676923","paro_normalizado_2007_max":"11.595509074","paro_normalizado_2007_min":"-3.404490926","paro_normalizado_2008_max":"12.53800738","paro_normalizado_2008_min":"-3.96199262","paro_normalizado_2009_max":"14.781119311000001","paro_normalizado_2009_min":"-5.718880689000001"}},{"id":71,"year":1999,"data":{"censo_total":2215,"percen_participacion":71,"primer_partido_percent":79,"primer_partido_name":"PSOE","segundo_partido_percent":20,"segundo_partido_name":"PP","tercer_partido_percent":0,"tercer_partido_name":"IZ","otros_partido_percent":0,"center_longitude":-6.6897433,"center_latitude":38.1410792,"paro_normalizado_1996":"-0.5074769230000005","paro_normalizado_1997":"0.6723076920000004","paro_normalizado_1998":"0.0331384619999997","paro_normalizado_1999":"0.2718461539999999","paro_normalizado_2000":"-0.42849230800000004","paro_normalizado_2001":"0.469292308","paro_normalizado_2002":"0.22230769199999978","paro_normalizado_2003":"1.2808923079999999","paro_normalizado_2004":"1.7743999999999995","paro_normalizado_2005":"3.137938462","paro_normalizado_2006":"2.4053230770000003","paro_normalizado_2007":"1.9955090740000005","paro_normalizado_2008":"2.1380073799999995","paro_normalizado_2009":"1.1811193109999998","paro_normalizado_1996_max":"33.292523077","paro_normalizado_1996_min":"-5.107476923","paro_normalizado_1997_max":"14.272307692000002","paro_normalizado_1997_min":"-3.9276923079999997","paro_normalizado_1998_max":"13.033138461999998","paro_normalizado_1998_min":"-3.866861538","paro_normalizado_1999_max":"10.071846154","paro_normalizado_1999_min":"-3.128153846","paro_normalizado_2000_max":"11.371507692","paro_normalizado_2000_min":"-3.128492308","paro_normalizado_2001_max":"10.569292308","paro_normalizado_2001_min":"-3.030707692","paro_normalizado_2002_max":"7.9223076919999995","paro_normalizado_2002_min":"-3.177692308","paro_normalizado_2003_max":"8.080892308000001","paro_normalizado_2003_min":"-3.219107692","paro_normalizado_2004_max":"10.0744","paro_normalizado_2004_min":"-3.3256","paro_normalizado_2005_max":"9.637938462","paro_normalizado_2005_min":"-3.562061538","paro_normalizado_2006_max":"10.105323077","paro_normalizado_2006_min":"-3.594676923","paro_normalizado_2007_max":"11.595509074","paro_normalizado_2007_min":"-3.404490926","paro_normalizado_2008_max":"12.53800738","paro_normalizado_2008_min":"-3.96199262","paro_normalizado_2009_max":"14.781119311000001","paro_normalizado_2009_min":"-5.718880689000001"}},{"id":72,"year":2003,"data":{"censo_total":2198,"percen_participacion":71,"primer_partido_percent":78,"primer_partido_name":"PSOE","segundo_partido_percent":21,"segundo_partido_name":"PP","tercer_partido_percent":0,"tercer_partido_name":"A.E.A","otros_partido_percent":0,"center_longitude":-6.6897433,"center_latitude":38.1410792,"paro_normalizado_1996":"-0.5074769230000005","paro_normalizado_1997":"0.6723076920000004","paro_normalizado_1998":"0.0331384619999997","paro_normalizado_1999":"0.2718461539999999","paro_normalizado_2000":"-0.42849230800000004","paro_normalizado_2001":"0.469292308","paro_normalizado_2002":"0.22230769199999978","paro_normalizado_2003":"1.2808923079999999","paro_normalizado_2004":"1.7743999999999995","paro_normalizado_2005":"3.137938462","paro_normalizado_2006":"2.4053230770000003","paro_normalizado_2007":"1.9955090740000005","paro_normalizado_2008":"2.1380073799999995","paro_normalizado_2009":"1.1811193109999998","paro_normalizado_1996_max":"33.292523077","paro_normalizado_1996_min":"-5.107476923","paro_normalizado_1997_max":"14.272307692000002","paro_normalizado_1997_min":"-3.9276923079999997","paro_normalizado_1998_max":"13.033138461999998","paro_normalizado_1998_min":"-3.866861538","paro_normalizado_1999_max":"10.071846154","paro_normalizado_1999_min":"-3.128153846","paro_normalizado_2000_max":"11.371507692","paro_normalizado_2000_min":"-3.128492308","paro_normalizado_2001_max":"10.569292308","paro_normalizado_2001_min":"-3.030707692","paro_normalizado_2002_max":"7.9223076919999995","paro_normalizado_2002_min":"-3.177692308","paro_normalizado_2003_max":"8.080892308000001","paro_normalizado_2003_min":"-3.219107692","paro_normalizado_2004_max":"10.0744","paro_normalizado_2004_min":"-3.3256","paro_normalizado_2005_max":"9.637938462","paro_normalizado_2005_min":"-3.562061538","paro_normalizado_2006_max":"10.105323077","paro_normalizado_2006_min":"-3.594676923","paro_normalizado_2007_max":"11.595509074","paro_normalizado_2007_min":"-3.404490926","paro_normalizado_2008_max":"12.53800738","paro_normalizado_2008_min":"-3.96199262","paro_normalizado_2009_max":"14.781119311000001","paro_normalizado_2009_min":"-5.718880689000001"}},{"id":73,"year":2007,"data":{"censo_total":2081,"percen_participacion":71,"primer_partido_percent":70,"primer_partido_name":"PSOE","segundo_partido_percent":28,"segundo_partido_name":"PP","tercer_partido_percent":0,"tercer_partido_name":"AVEV","otros_partido_percent":0,"center_longitude":-6.6897433,"center_latitude":38.1410792,"paro_normalizado_1996":"-0.5074769230000005","paro_normalizado_1997":"0.6723076920000004","paro_normalizado_1998":"0.0331384619999997","paro_normalizado_1999":"0.2718461539999999","paro_normalizado_2000":"-0.42849230800000004","paro_normalizado_2001":"0.469292308","paro_normalizado_2002":"0.22230769199999978","paro_normalizado_2003":"1.2808923079999999","paro_normalizado_2004":"1.7743999999999995","paro_normalizado_2005":"3.137938462","paro_normalizado_2006":"2.4053230770000003","paro_normalizado_2007":"1.9955090740000005","paro_normalizado_2008":"2.1380073799999995","paro_normalizado_2009":"1.1811193109999998","paro_normalizado_1996_max":"33.292523077","paro_normalizado_1996_min":"-5.107476923","paro_normalizado_1997_max":"14.272307692000002","paro_normalizado_1997_min":"-3.9276923079999997","paro_normalizado_1998_max":"13.033138461999998","paro_normalizado_1998_min":"-3.866861538","paro_normalizado_1999_max":"10.071846154","paro_normalizado_1999_min":"-3.128153846","paro_normalizado_2000_max":"11.371507692","paro_normalizado_2000_min":"-3.128492308","paro_normalizado_2001_max":"10.569292308","paro_normalizado_2001_min":"-3.030707692","paro_normalizado_2002_max":"7.9223076919999995","paro_normalizado_2002_min":"-3.177692308","paro_normalizado_2003_max":"8.080892308000001","paro_normalizado_2003_min":"-3.219107692","paro_normalizado_2004_max":"10.0744","paro_normalizado_2004_min":"-3.3256","paro_normalizado_2005_max":"9.637938462","paro_normalizado_2005_min":"-3.562061538","paro_normalizado_2006_max":"10.105323077","paro_normalizado_2006_min":"-3.594676923","paro_normalizado_2007_max":"11.595509074","paro_normalizado_2007_min":"-3.404490926","paro_normalizado_2008_max":"12.53800738","paro_normalizado_2008_min":"-3.96199262","paro_normalizado_2009_max":"14.781119311000001","paro_normalizado_2009_min":"-5.718880689000001"}}]