[{"id":68,"year":1987,"data":{"censo_total":1693,"percen_participacion":74,"primer_partido_percent":38,"primer_partido_name":"PSOE","segundo_partido_percent":22,"segundo_partido_name":"IU","tercer_partido_percent":20,"tercer_partido_name":"CDS","otros_partido_percent":0,"center_longitude":-6.1267228,"center_latitude":38.791734,"paro_normalizado_1996":"-2.607476923","paro_normalizado_1997":"-1.6276923079999994","paro_normalizado_1998":"-2.0668615380000004","paro_normalizado_1999":"-1.3281538460000002","paro_normalizado_2000":"-1.5284923080000001","paro_normalizado_2001":"-1.530707692","paro_normalizado_2002":"-1.077692308","paro_normalizado_2003":"-1.7191076920000001","paro_normalizado_2004":"-0.4256000000000002","paro_normalizado_2005":"-0.06206153800000003","paro_normalizado_2006":"-0.6946769230000003","paro_normalizado_2007":"-1.104490926","paro_normalizado_2008":"-1.7619926200000005","paro_normalizado_2009":"-2.5188806890000004","paro_normalizado_1996_max":"33.292523077","paro_normalizado_1996_min":"-5.107476923","paro_normalizado_1997_max":"14.272307692000002","paro_normalizado_1997_min":"-3.9276923079999997","paro_normalizado_1998_max":"13.033138461999998","paro_normalizado_1998_min":"-3.866861538","paro_normalizado_1999_max":"10.071846154","paro_normalizado_1999_min":"-3.128153846","paro_normalizado_2000_max":"11.371507692","paro_normalizado_2000_min":"-3.128492308","paro_normalizado_2001_max":"10.569292308","paro_normalizado_2001_min":"-3.030707692","paro_normalizado_2002_max":"7.9223076919999995","paro_normalizado_2002_min":"-3.177692308","paro_normalizado_2003_max":"8.080892308000001","paro_normalizado_2003_min":"-3.219107692","paro_normalizado_2004_max":"10.0744","paro_normalizado_2004_min":"-3.3256","paro_normalizado_2005_max":"9.637938462","paro_normalizado_2005_min":"-3.562061538","paro_normalizado_2006_max":"10.105323077","paro_normalizado_2006_min":"-3.594676923","paro_normalizado_2007_max":"11.595509074","paro_normalizado_2007_min":"-3.404490926","paro_normalizado_2008_max":"12.53800738","paro_normalizado_2008_min":"-3.96199262","paro_normalizado_2009_max":"14.781119311000001","paro_normalizado_2009_min":"-5.718880689000001"}},{"id":69,"year":1991,"data":{"censo_total":1676,"percen_participacion":76,"primer_partido_percent":21,"primer_partido_name":"PSOE","segundo_partido_percent":18,"segundo_partido_name":"E.U.","tercer_partido_percent":17,"tercer_partido_name":"IU","otros_partido_percent":0,"center_longitude":-6.1267228,"center_latitude":38.791734,"paro_normalizado_1996":"-2.607476923","paro_normalizado_1997":"-1.6276923079999994","paro_normalizado_1998":"-2.0668615380000004","paro_normalizado_1999":"-1.3281538460000002","paro_normalizado_2000":"-1.5284923080000001","paro_normalizado_2001":"-1.530707692","paro_normalizado_2002":"-1.077692308","paro_normalizado_2003":"-1.7191076920000001","paro_normalizado_2004":"-0.4256000000000002","paro_normalizado_2005":"-0.06206153800000003","paro_normalizado_2006":"-0.6946769230000003","paro_normalizado_2007":"-1.104490926","paro_normalizado_2008":"-1.7619926200000005","paro_normalizado_2009":"-2.5188806890000004","paro_normalizado_1996_max":"33.292523077","paro_normalizado_1996_min":"-5.107476923","paro_normalizado_1997_max":"14.272307692000002","paro_normalizado_1997_min":"-3.9276923079999997","paro_normalizado_1998_max":"13.033138461999998","paro_normalizado_1998_min":"-3.866861538","paro_normalizado_1999_max":"10.071846154","paro_normalizado_1999_min":"-3.128153846","paro_normalizado_2000_max":"11.371507692","paro_normalizado_2000_min":"-3.128492308","paro_normalizado_2001_max":"10.569292308","paro_normalizado_2001_min":"-3.030707692","paro_normalizado_2002_max":"7.9223076919999995","paro_normalizado_2002_min":"-3.177692308","paro_normalizado_2003_max":"8.080892308000001","paro_normalizado_2003_min":"-3.219107692","paro_normalizado_2004_max":"10.0744","paro_normalizado_2004_min":"-3.3256","paro_normalizado_2005_max":"9.637938462","paro_normalizado_2005_min":"-3.562061538","paro_normalizado_2006_max":"10.105323077","paro_normalizado_2006_min":"-3.594676923","paro_normalizado_2007_max":"11.595509074","paro_normalizado_2007_min":"-3.404490926","paro_normalizado_2008_max":"12.53800738","paro_normalizado_2008_min":"-3.96199262","paro_normalizado_2009_max":"14.781119311000001","paro_normalizado_2009_min":"-5.718880689000001"}},{"id":70,"year":1995,"data":{"censo_total":1641,"percen_participacion":80,"primer_partido_percent":43,"primer_partido_name":"PSOE","segundo_partido_percent":31,"segundo_partido_name":"PP","tercer_partido_percent":12,"tercer_partido_name":"INDEP","otros_partido_percent":0,"center_longitude":-6.1267228,"center_latitude":38.791734,"paro_normalizado_1996":"-2.607476923","paro_normalizado_1997":"-1.6276923079999994","paro_normalizado_1998":"-2.0668615380000004","paro_normalizado_1999":"-1.3281538460000002","paro_normalizado_2000":"-1.5284923080000001","paro_normalizado_2001":"-1.530707692","paro_normalizado_2002":"-1.077692308","paro_normalizado_2003":"-1.7191076920000001","paro_normalizado_2004":"-0.4256000000000002","paro_normalizado_2005":"-0.06206153800000003","paro_normalizado_2006":"-0.6946769230000003","paro_normalizado_2007":"-1.104490926","paro_normalizado_2008":"-1.7619926200000005","paro_normalizado_2009":"-2.5188806890000004","paro_normalizado_1996_max":"33.292523077","paro_normalizado_1996_min":"-5.107476923","paro_normalizado_1997_max":"14.272307692000002","paro_normalizado_1997_min":"-3.9276923079999997","paro_normalizado_1998_max":"13.033138461999998","paro_normalizado_1998_min":"-3.866861538","paro_normalizado_1999_max":"10.071846154","paro_normalizado_1999_min":"-3.128153846","paro_normalizado_2000_max":"11.371507692","paro_normalizado_2000_min":"-3.128492308","paro_normalizado_2001_max":"10.569292308","paro_normalizado_2001_min":"-3.030707692","paro_normalizado_2002_max":"7.9223076919999995","paro_normalizado_2002_min":"-3.177692308","paro_normalizado_2003_max":"8.080892308000001","paro_normalizado_2003_min":"-3.219107692","paro_normalizado_2004_max":"10.0744","paro_normalizado_2004_min":"-3.3256","paro_normalizado_2005_max":"9.637938462","paro_normalizado_2005_min":"-3.562061538","paro_normalizado_2006_max":"10.105323077","paro_normalizado_2006_min":"-3.594676923","paro_normalizado_2007_max":"11.595509074","paro_normalizado_2007_min":"-3.404490926","paro_normalizado_2008_max":"12.53800738","paro_normalizado_2008_min":"-3.96199262","paro_normalizado_2009_max":"14.781119311000001","paro_normalizado_2009_min":"-5.718880689000001"}},{"id":71,"year":1999,"data":{"censo_total":1625,"percen_participacion":80,"primer_partido_percent":47,"primer_partido_name":"PSOE","segundo_partido_percent":37,"segundo_partido_name":"PP","tercer_partido_percent":7,"tercer_partido_name":"LIOM","otros_partido_percent":0,"center_longitude":-6.1267228,"center_latitude":38.791734,"paro_normalizado_1996":"-2.607476923","paro_normalizado_1997":"-1.6276923079999994","paro_normalizado_1998":"-2.0668615380000004","paro_normalizado_1999":"-1.3281538460000002","paro_normalizado_2000":"-1.5284923080000001","paro_normalizado_2001":"-1.530707692","paro_normalizado_2002":"-1.077692308","paro_normalizado_2003":"-1.7191076920000001","paro_normalizado_2004":"-0.4256000000000002","paro_normalizado_2005":"-0.06206153800000003","paro_normalizado_2006":"-0.6946769230000003","paro_normalizado_2007":"-1.104490926","paro_normalizado_2008":"-1.7619926200000005","paro_normalizado_2009":"-2.5188806890000004","paro_normalizado_1996_max":"33.292523077","paro_normalizado_1996_min":"-5.107476923","paro_normalizado_1997_max":"14.272307692000002","paro_normalizado_1997_min":"-3.9276923079999997","paro_normalizado_1998_max":"13.033138461999998","paro_normalizado_1998_min":"-3.866861538","paro_normalizado_1999_max":"10.071846154","paro_normalizado_1999_min":"-3.128153846","paro_normalizado_2000_max":"11.371507692","paro_normalizado_2000_min":"-3.128492308","paro_normalizado_2001_max":"10.569292308","paro_normalizado_2001_min":"-3.030707692","paro_normalizado_2002_max":"7.9223076919999995","paro_normalizado_2002_min":"-3.177692308","paro_normalizado_2003_max":"8.080892308000001","paro_normalizado_2003_min":"-3.219107692","paro_normalizado_2004_max":"10.0744","paro_normalizado_2004_min":"-3.3256","paro_normalizado_2005_max":"9.637938462","paro_normalizado_2005_min":"-3.562061538","paro_normalizado_2006_max":"10.105323077","paro_normalizado_2006_min":"-3.594676923","paro_normalizado_2007_max":"11.595509074","paro_normalizado_2007_min":"-3.404490926","paro_normalizado_2008_max":"12.53800738","paro_normalizado_2008_min":"-3.96199262","paro_normalizado_2009_max":"14.781119311000001","paro_normalizado_2009_min":"-5.718880689000001"}},{"id":72,"year":2003,"data":{"censo_total":1518,"percen_participacion":87,"primer_partido_percent":44,"primer_partido_name":"PP","segundo_partido_percent":25,"segundo_partido_name":"PSOE","tercer_partido_percent":20,"tercer_partido_name":"LIOM","otros_partido_percent":0,"center_longitude":-6.1267228,"center_latitude":38.791734,"paro_normalizado_1996":"-2.607476923","paro_normalizado_1997":"-1.6276923079999994","paro_normalizado_1998":"-2.0668615380000004","paro_normalizado_1999":"-1.3281538460000002","paro_normalizado_2000":"-1.5284923080000001","paro_normalizado_2001":"-1.530707692","paro_normalizado_2002":"-1.077692308","paro_normalizado_2003":"-1.7191076920000001","paro_normalizado_2004":"-0.4256000000000002","paro_normalizado_2005":"-0.06206153800000003","paro_normalizado_2006":"-0.6946769230000003","paro_normalizado_2007":"-1.104490926","paro_normalizado_2008":"-1.7619926200000005","paro_normalizado_2009":"-2.5188806890000004","paro_normalizado_1996_max":"33.292523077","paro_normalizado_1996_min":"-5.107476923","paro_normalizado_1997_max":"14.272307692000002","paro_normalizado_1997_min":"-3.9276923079999997","paro_normalizado_1998_max":"13.033138461999998","paro_normalizado_1998_min":"-3.866861538","paro_normalizado_1999_max":"10.071846154","paro_normalizado_1999_min":"-3.128153846","paro_normalizado_2000_max":"11.371507692","paro_normalizado_2000_min":"-3.128492308","paro_normalizado_2001_max":"10.569292308","paro_normalizado_2001_min":"-3.030707692","paro_normalizado_2002_max":"7.9223076919999995","paro_normalizado_2002_min":"-3.177692308","paro_normalizado_2003_max":"8.080892308000001","paro_normalizado_2003_min":"-3.219107692","paro_normalizado_2004_max":"10.0744","paro_normalizado_2004_min":"-3.3256","paro_normalizado_2005_max":"9.637938462","paro_normalizado_2005_min":"-3.562061538","paro_normalizado_2006_max":"10.105323077","paro_normalizado_2006_min":"-3.594676923","paro_normalizado_2007_max":"11.595509074","paro_normalizado_2007_min":"-3.404490926","paro_normalizado_2008_max":"12.53800738","paro_normalizado_2008_min":"-3.96199262","paro_normalizado_2009_max":"14.781119311000001","paro_normalizado_2009_min":"-5.718880689000001"}},{"id":73,"year":2007,"data":{"censo_total":1546,"percen_participacion":88,"primer_partido_percent":47,"primer_partido_name":"PSOE","segundo_partido_percent":35,"segundo_partido_name":"PP","tercer_partido_percent":11,"tercer_partido_name":"IPEX","otros_partido_percent":0,"center_longitude":-6.1267228,"center_latitude":38.791734,"paro_normalizado_1996":"-2.607476923","paro_normalizado_1997":"-1.6276923079999994","paro_normalizado_1998":"-2.0668615380000004","paro_normalizado_1999":"-1.3281538460000002","paro_normalizado_2000":"-1.5284923080000001","paro_normalizado_2001":"-1.530707692","paro_normalizado_2002":"-1.077692308","paro_normalizado_2003":"-1.7191076920000001","paro_normalizado_2004":"-0.4256000000000002","paro_normalizado_2005":"-0.06206153800000003","paro_normalizado_2006":"-0.6946769230000003","paro_normalizado_2007":"-1.104490926","paro_normalizado_2008":"-1.7619926200000005","paro_normalizado_2009":"-2.5188806890000004","paro_normalizado_1996_max":"33.292523077","paro_normalizado_1996_min":"-5.107476923","paro_normalizado_1997_max":"14.272307692000002","paro_normalizado_1997_min":"-3.9276923079999997","paro_normalizado_1998_max":"13.033138461999998","paro_normalizado_1998_min":"-3.866861538","paro_normalizado_1999_max":"10.071846154","paro_normalizado_1999_min":"-3.128153846","paro_normalizado_2000_max":"11.371507692","paro_normalizado_2000_min":"-3.128492308","paro_normalizado_2001_max":"10.569292308","paro_normalizado_2001_min":"-3.030707692","paro_normalizado_2002_max":"7.9223076919999995","paro_normalizado_2002_min":"-3.177692308","paro_normalizado_2003_max":"8.080892308000001","paro_normalizado_2003_min":"-3.219107692","paro_normalizado_2004_max":"10.0744","paro_normalizado_2004_min":"-3.3256","paro_normalizado_2005_max":"9.637938462","paro_normalizado_2005_min":"-3.562061538","paro_normalizado_2006_max":"10.105323077","paro_normalizado_2006_min":"-3.594676923","paro_normalizado_2007_max":"11.595509074","paro_normalizado_2007_min":"-3.404490926","paro_normalizado_2008_max":"12.53800738","paro_normalizado_2008_min":"-3.96199262","paro_normalizado_2009_max":"14.781119311000001","paro_normalizado_2009_min":"-5.718880689000001"}}]